C_1_DMAX_05_SIMLIK_dimer_1, C_1_DMAX_10_SIMLIK_dimer_5, RMSD: 4.09156850286e-15
C_1_DMAX_05_SIMLIK_dimer_1, C_1_DMAX_12_SIMLIK_dimer_7, RMSD: 4.09156850286e-15
C_1_DMAX_05_SIMLIK_dimer_1, C_1_DMAX_17_SIMLIK_dimer_25, RMSD: 4.09156850286e-15
C_1_DMAX_05_SIMLIK_dimer_1, C_1_DMAX_20_SIMLIK_dimer_36, RMSD: 4.09156850286e-15
C_1_DMAX_05_SIMLIK_dimer_1, C_1_DMAX_25_SIMLIK_dimer_62, RMSD: 4.09156850286e-15
C_1_DMAX_05_SIMLIK_dimer_1, C_2_DMAX_00_SIMLIK_dimer_7, RMSD: 4.09156850286e-15
C_1_DMAX_05_SIMLIK_dimer_1, C_2_DMAX_05_SIMLIK_dimer_21, RMSD: 4.09156850286e-15
C_1_DMAX_05_SIMLIK_dimer_1, C_2_DMAX_10_SIMLIK_dimer_40, RMSD: 4.09156850286e-15
C_1_DMAX_05_SIMLIK_dimer_1, C_2_DMAX_12_SIMLIK_dimer_51, RMSD: 4.09156850286e-15
C_1_DMAX_05_SIMLIK_dimer_1, C_2_DMAX_17_SIMLIK_dimer_72, RMSD: 4.09156850286e-15
C_1_DMAX_05_SIMLIK_dimer_1, C_2_DMAX_20_SIMLIK_dimer_99, RMSD: 4.09156850286e-15
C_1_DMAX_05_SIMLIK_dimer_1, C_2_DMAX_25_SIMLIK_dimer_153, RMSD: 4.09156850286e-15
C_1_DMAX_05_SIMLIK_dimer_1, C_3_DMAX_05_SIMLIK_dimer_1, RMSD: 4.09156850286e-15
C_1_DMAX_05_SIMLIK_dimer_1, C_3_DMAX_10_SIMLIK_dimer_5, RMSD: 4.09156850286e-15
C_1_DMAX_05_SIMLIK_dimer_1, C_3_DMAX_12_SIMLIK_dimer_7, RMSD: 4.09156850286e-15
C_1_DMAX_05_SIMLIK_dimer_1, C_3_DMAX_17_SIMLIK_dimer_25, RMSD: 4.09156850286e-15
C_1_DMAX_05_SIMLIK_dimer_1, C_3_DMAX_20_SIMLIK_dimer_36, RMSD: 4.09156850286e-15
C_1_DMAX_05_SIMLIK_dimer_1, C_3_DMAX_25_SIMLIK_dimer_62, RMSD: 4.09156850286e-15
C_1_DMAX_05_SIMLIK_dimer_3, C_1_DMAX_10_SIMLIK_dimer_13, RMSD: 4.00513150251e-15
C_1_DMAX_05_SIMLIK_dimer_3, C_1_DMAX_12_SIMLIK_dimer_18, RMSD: 4.00513150251e-15
C_1_DMAX_05_SIMLIK_dimer_3, C_1_DMAX_17_SIMLIK_dimer_59, RMSD: 4.00513150251e-15
C_1_DMAX_05_SIMLIK_dimer_3, C_1_DMAX_20_SIMLIK_dimer_83, RMSD: 4.00513150251e-15
C_1_DMAX_05_SIMLIK_dimer_3, C_1_DMAX_25_SIMLIK_dimer_160, RMSD: 4.00513150251e-15
C_1_DMAX_05_SIMLIK_dimer_3, C_2_DMAX_00_SIMLIK_dimer_17, RMSD: 4.00513150251e-15
C_1_DMAX_05_SIMLIK_dimer_3, C_2_DMAX_05_SIMLIK_dimer_50, RMSD: 4.00513150251e-15
C_1_DMAX_05_SIMLIK_dimer_3, C_2_DMAX_10_SIMLIK_dimer_94, RMSD: 4.00513150251e-15
C_1_DMAX_05_SIMLIK_dimer_3, C_2_DMAX_12_SIMLIK_dimer_125, RMSD: 4.00513150251e-15
C_1_DMAX_05_SIMLIK_dimer_3, C_2_DMAX_17_SIMLIK_dimer_192, RMSD: 4.00513150251e-15
C_1_DMAX_05_SIMLIK_dimer_3, C_2_DMAX_20_SIMLIK_dimer_262, RMSD: 4.00513150251e-15
C_1_DMAX_05_SIMLIK_dimer_3, C_2_DMAX_25_SIMLIK_dimer_405, RMSD: 4.00513150251e-15
C_1_DMAX_05_SIMLIK_dimer_3, C_3_DMAX_05_SIMLIK_dimer_3, RMSD: 4.00513150251e-15
C_1_DMAX_05_SIMLIK_dimer_3, C_3_DMAX_10_SIMLIK_dimer_13, RMSD: 4.00513150251e-15
C_1_DMAX_05_SIMLIK_dimer_3, C_3_DMAX_12_SIMLIK_dimer_18, RMSD: 4.00513150251e-15
C_1_DMAX_05_SIMLIK_dimer_3, C_3_DMAX_17_SIMLIK_dimer_59, RMSD: 4.00513150251e-15
C_1_DMAX_05_SIMLIK_dimer_3, C_3_DMAX_20_SIMLIK_dimer_83, RMSD: 4.00513150251e-15
C_1_DMAX_05_SIMLIK_dimer_3, C_3_DMAX_25_SIMLIK_dimer_160, RMSD: 4.00513150251e-15
C_1_DMAX_05_SIMLIK_dimer_4, C_3_DMAX_05_SIMLIK_dimer_4, RMSD: 4.90083632403e-15
C_1_DMAX_10_SIMLIK_dimer_12, C_1_DMAX_12_SIMLIK_dimer_17, RMSD: 4.9675114175e-15
C_1_DMAX_10_SIMLIK_dimer_12, C_1_DMAX_17_SIMLIK_dimer_58, RMSD: 4.9675114175e-15
C_1_DMAX_10_SIMLIK_dimer_12, C_1_DMAX_20_SIMLIK_dimer_82, RMSD: 4.9675114175e-15
C_1_DMAX_10_SIMLIK_dimer_12, C_1_DMAX_25_SIMLIK_dimer_159, RMSD: 4.9675114175e-15
C_1_DMAX_10_SIMLIK_dimer_12, C_2_DMAX_00_SIMLIK_dimer_16, RMSD: 4.9675114175e-15
C_1_DMAX_10_SIMLIK_dimer_12, C_2_DMAX_05_SIMLIK_dimer_49, RMSD: 4.9675114175e-15
C_1_DMAX_10_SIMLIK_dimer_12, C_2_DMAX_10_SIMLIK_dimer_93, RMSD: 4.9675114175e-15
C_1_DMAX_10_SIMLIK_dimer_12, C_2_DMAX_12_SIMLIK_dimer_124, RMSD: 4.9675114175e-15
C_1_DMAX_10_SIMLIK_dimer_12, C_2_DMAX_17_SIMLIK_dimer_191, RMSD: 4.9675114175e-15
C_1_DMAX_10_SIMLIK_dimer_12, C_2_DMAX_20_SIMLIK_dimer_261, RMSD: 4.9675114175e-15
C_1_DMAX_10_SIMLIK_dimer_12, C_2_DMAX_25_SIMLIK_dimer_404, RMSD: 4.9675114175e-15
C_1_DMAX_10_SIMLIK_dimer_12, C_3_DMAX_10_SIMLIK_dimer_12, RMSD: 4.9675114175e-15
C_1_DMAX_10_SIMLIK_dimer_12, C_3_DMAX_12_SIMLIK_dimer_17, RMSD: 4.9675114175e-15
C_1_DMAX_10_SIMLIK_dimer_12, C_3_DMAX_17_SIMLIK_dimer_58, RMSD: 4.9675114175e-15
C_1_DMAX_10_SIMLIK_dimer_12, C_3_DMAX_20_SIMLIK_dimer_82, RMSD: 4.9675114175e-15
C_1_DMAX_10_SIMLIK_dimer_12, C_3_DMAX_25_SIMLIK_dimer_159, RMSD: 4.9675114175e-15
C_1_DMAX_10_SIMLIK_dimer_13, C_1_DMAX_12_SIMLIK_dimer_18, RMSD: 4.00513150251e-15
C_1_DMAX_10_SIMLIK_dimer_13, C_1_DMAX_17_SIMLIK_dimer_59, RMSD: 4.00513150251e-15
C_1_DMAX_10_SIMLIK_dimer_13, C_1_DMAX_20_SIMLIK_dimer_83, RMSD: 4.00513150251e-15
C_1_DMAX_10_SIMLIK_dimer_13, C_1_DMAX_25_SIMLIK_dimer_160, RMSD: 4.00513150251e-15
C_1_DMAX_10_SIMLIK_dimer_13, C_2_DMAX_00_SIMLIK_dimer_17, RMSD: 4.00513150251e-15
C_1_DMAX_10_SIMLIK_dimer_13, C_2_DMAX_05_SIMLIK_dimer_50, RMSD: 4.00513150251e-15
C_1_DMAX_10_SIMLIK_dimer_13, C_2_DMAX_10_SIMLIK_dimer_94, RMSD: 4.00513150251e-15
C_1_DMAX_10_SIMLIK_dimer_13, C_2_DMAX_12_SIMLIK_dimer_125, RMSD: 4.00513150251e-15
C_1_DMAX_10_SIMLIK_dimer_13, C_2_DMAX_17_SIMLIK_dimer_192, RMSD: 4.00513150251e-15
C_1_DMAX_10_SIMLIK_dimer_13, C_2_DMAX_20_SIMLIK_dimer_262, RMSD: 4.00513150251e-15
C_1_DMAX_10_SIMLIK_dimer_13, C_2_DMAX_25_SIMLIK_dimer_405, RMSD: 4.00513150251e-15
C_1_DMAX_10_SIMLIK_dimer_13, C_3_DMAX_05_SIMLIK_dimer_3, RMSD: 4.00513150251e-15
C_1_DMAX_10_SIMLIK_dimer_13, C_3_DMAX_10_SIMLIK_dimer_13, RMSD: 4.00513150251e-15
C_1_DMAX_10_SIMLIK_dimer_13, C_3_DMAX_12_SIMLIK_dimer_18, RMSD: 4.00513150251e-15
C_1_DMAX_10_SIMLIK_dimer_13, C_3_DMAX_17_SIMLIK_dimer_59, RMSD: 4.00513150251e-15
C_1_DMAX_10_SIMLIK_dimer_13, C_3_DMAX_20_SIMLIK_dimer_83, RMSD: 4.00513150251e-15
C_1_DMAX_10_SIMLIK_dimer_13, C_3_DMAX_25_SIMLIK_dimer_160, RMSD: 4.00513150251e-15
C_1_DMAX_10_SIMLIK_dimer_5, C_1_DMAX_12_SIMLIK_dimer_7, RMSD: 4.09156850286e-15
C_1_DMAX_10_SIMLIK_dimer_5, C_1_DMAX_17_SIMLIK_dimer_25, RMSD: 4.09156850286e-15
C_1_DMAX_10_SIMLIK_dimer_5, C_1_DMAX_20_SIMLIK_dimer_36, RMSD: 4.09156850286e-15
C_1_DMAX_10_SIMLIK_dimer_5, C_1_DMAX_25_SIMLIK_dimer_62, RMSD: 4.09156850286e-15
C_1_DMAX_10_SIMLIK_dimer_5, C_2_DMAX_00_SIMLIK_dimer_7, RMSD: 4.09156850286e-15
C_1_DMAX_10_SIMLIK_dimer_5, C_2_DMAX_05_SIMLIK_dimer_21, RMSD: 4.09156850286e-15
C_1_DMAX_10_SIMLIK_dimer_5, C_2_DMAX_10_SIMLIK_dimer_40, RMSD: 4.09156850286e-15
C_1_DMAX_10_SIMLIK_dimer_5, C_2_DMAX_12_SIMLIK_dimer_51, RMSD: 4.09156850286e-15
C_1_DMAX_10_SIMLIK_dimer_5, C_2_DMAX_17_SIMLIK_dimer_72, RMSD: 4.09156850286e-15
C_1_DMAX_10_SIMLIK_dimer_5, C_2_DMAX_20_SIMLIK_dimer_99, RMSD: 4.09156850286e-15
C_1_DMAX_10_SIMLIK_dimer_5, C_2_DMAX_25_SIMLIK_dimer_153, RMSD: 4.09156850286e-15
C_1_DMAX_10_SIMLIK_dimer_5, C_3_DMAX_05_SIMLIK_dimer_1, RMSD: 4.09156850286e-15
C_1_DMAX_10_SIMLIK_dimer_5, C_3_DMAX_10_SIMLIK_dimer_5, RMSD: 4.09156850286e-15
C_1_DMAX_10_SIMLIK_dimer_5, C_3_DMAX_12_SIMLIK_dimer_7, RMSD: 4.09156850286e-15
C_1_DMAX_10_SIMLIK_dimer_5, C_3_DMAX_17_SIMLIK_dimer_25, RMSD: 4.09156850286e-15
C_1_DMAX_10_SIMLIK_dimer_5, C_3_DMAX_20_SIMLIK_dimer_36, RMSD: 4.09156850286e-15
C_1_DMAX_10_SIMLIK_dimer_5, C_3_DMAX_25_SIMLIK_dimer_62, RMSD: 4.09156850286e-15
C_1_DMAX_12_SIMLIK_dimer_17, C_1_DMAX_17_SIMLIK_dimer_58, RMSD: 4.9675114175e-15
C_1_DMAX_12_SIMLIK_dimer_17, C_1_DMAX_20_SIMLIK_dimer_82, RMSD: 4.9675114175e-15
C_1_DMAX_12_SIMLIK_dimer_17, C_1_DMAX_25_SIMLIK_dimer_159, RMSD: 4.9675114175e-15
C_1_DMAX_12_SIMLIK_dimer_17, C_2_DMAX_00_SIMLIK_dimer_16, RMSD: 4.9675114175e-15
C_1_DMAX_12_SIMLIK_dimer_17, C_2_DMAX_05_SIMLIK_dimer_49, RMSD: 4.9675114175e-15
C_1_DMAX_12_SIMLIK_dimer_17, C_2_DMAX_10_SIMLIK_dimer_93, RMSD: 4.9675114175e-15
C_1_DMAX_12_SIMLIK_dimer_17, C_2_DMAX_12_SIMLIK_dimer_124, RMSD: 4.9675114175e-15
C_1_DMAX_12_SIMLIK_dimer_17, C_2_DMAX_17_SIMLIK_dimer_191, RMSD: 4.9675114175e-15
C_1_DMAX_12_SIMLIK_dimer_17, C_2_DMAX_20_SIMLIK_dimer_261, RMSD: 4.9675114175e-15
C_1_DMAX_12_SIMLIK_dimer_17, C_2_DMAX_25_SIMLIK_dimer_404, RMSD: 4.9675114175e-15
C_1_DMAX_12_SIMLIK_dimer_17, C_3_DMAX_10_SIMLIK_dimer_12, RMSD: 4.9675114175e-15
C_1_DMAX_12_SIMLIK_dimer_17, C_3_DMAX_12_SIMLIK_dimer_17, RMSD: 4.9675114175e-15
C_1_DMAX_12_SIMLIK_dimer_17, C_3_DMAX_17_SIMLIK_dimer_58, RMSD: 4.9675114175e-15
C_1_DMAX_12_SIMLIK_dimer_17, C_3_DMAX_20_SIMLIK_dimer_82, RMSD: 4.9675114175e-15
C_1_DMAX_12_SIMLIK_dimer_17, C_3_DMAX_25_SIMLIK_dimer_159, RMSD: 4.9675114175e-15
C_1_DMAX_12_SIMLIK_dimer_18, C_1_DMAX_17_SIMLIK_dimer_59, RMSD: 4.00513150251e-15
C_1_DMAX_12_SIMLIK_dimer_18, C_1_DMAX_20_SIMLIK_dimer_83, RMSD: 4.00513150251e-15
C_1_DMAX_12_SIMLIK_dimer_18, C_1_DMAX_25_SIMLIK_dimer_160, RMSD: 4.00513150251e-15
C_1_DMAX_12_SIMLIK_dimer_18, C_2_DMAX_00_SIMLIK_dimer_17, RMSD: 4.00513150251e-15
C_1_DMAX_12_SIMLIK_dimer_18, C_2_DMAX_05_SIMLIK_dimer_50, RMSD: 4.00513150251e-15
C_1_DMAX_12_SIMLIK_dimer_18, C_2_DMAX_10_SIMLIK_dimer_94, RMSD: 4.00513150251e-15
C_1_DMAX_12_SIMLIK_dimer_18, C_2_DMAX_12_SIMLIK_dimer_125, RMSD: 4.00513150251e-15
C_1_DMAX_12_SIMLIK_dimer_18, C_2_DMAX_17_SIMLIK_dimer_192, RMSD: 4.00513150251e-15
C_1_DMAX_12_SIMLIK_dimer_18, C_2_DMAX_20_SIMLIK_dimer_262, RMSD: 4.00513150251e-15
C_1_DMAX_12_SIMLIK_dimer_18, C_2_DMAX_25_SIMLIK_dimer_405, RMSD: 4.00513150251e-15
C_1_DMAX_12_SIMLIK_dimer_18, C_3_DMAX_05_SIMLIK_dimer_3, RMSD: 4.00513150251e-15
C_1_DMAX_12_SIMLIK_dimer_18, C_3_DMAX_10_SIMLIK_dimer_13, RMSD: 4.00513150251e-15
C_1_DMAX_12_SIMLIK_dimer_18, C_3_DMAX_12_SIMLIK_dimer_18, RMSD: 4.00513150251e-15
C_1_DMAX_12_SIMLIK_dimer_18, C_3_DMAX_17_SIMLIK_dimer_59, RMSD: 4.00513150251e-15
C_1_DMAX_12_SIMLIK_dimer_18, C_3_DMAX_20_SIMLIK_dimer_83, RMSD: 4.00513150251e-15
C_1_DMAX_12_SIMLIK_dimer_18, C_3_DMAX_25_SIMLIK_dimer_160, RMSD: 4.00513150251e-15
C_1_DMAX_12_SIMLIK_dimer_2, C_1_DMAX_17_SIMLIK_dimer_8, RMSD: 3.89776179919e-15
C_1_DMAX_12_SIMLIK_dimer_2, C_1_DMAX_20_SIMLIK_dimer_10, RMSD: 3.89776179919e-15
C_1_DMAX_12_SIMLIK_dimer_2, C_1_DMAX_25_SIMLIK_dimer_20, RMSD: 3.89776179919e-15
C_1_DMAX_12_SIMLIK_dimer_2, C_2_DMAX_00_SIMLIK_dimer_2, RMSD: 3.89776179919e-15
C_1_DMAX_12_SIMLIK_dimer_2, C_2_DMAX_05_SIMLIK_dimer_7, RMSD: 3.89776179919e-15
C_1_DMAX_12_SIMLIK_dimer_2, C_2_DMAX_10_SIMLIK_dimer_13, RMSD: 3.89776179919e-15
C_1_DMAX_12_SIMLIK_dimer_2, C_2_DMAX_12_SIMLIK_dimer_17, RMSD: 3.89776179919e-15
C_1_DMAX_12_SIMLIK_dimer_2, C_2_DMAX_17_SIMLIK_dimer_24, RMSD: 3.89776179919e-15
C_1_DMAX_12_SIMLIK_dimer_2, C_2_DMAX_20_SIMLIK_dimer_34, RMSD: 3.89776179919e-15
C_1_DMAX_12_SIMLIK_dimer_2, C_2_DMAX_25_SIMLIK_dimer_68, RMSD: 3.89776179919e-15
C_1_DMAX_12_SIMLIK_dimer_2, C_3_DMAX_12_SIMLIK_dimer_2, RMSD: 3.89776179919e-15
C_1_DMAX_12_SIMLIK_dimer_2, C_3_DMAX_17_SIMLIK_dimer_8, RMSD: 3.89776179919e-15
C_1_DMAX_12_SIMLIK_dimer_2, C_3_DMAX_20_SIMLIK_dimer_10, RMSD: 3.89776179919e-15
C_1_DMAX_12_SIMLIK_dimer_2, C_3_DMAX_25_SIMLIK_dimer_20, RMSD: 3.89776179919e-15
C_1_DMAX_12_SIMLIK_dimer_7, C_1_DMAX_17_SIMLIK_dimer_25, RMSD: 4.09156850286e-15
C_1_DMAX_12_SIMLIK_dimer_7, C_1_DMAX_20_SIMLIK_dimer_36, RMSD: 4.09156850286e-15
C_1_DMAX_12_SIMLIK_dimer_7, C_1_DMAX_25_SIMLIK_dimer_62, RMSD: 4.09156850286e-15
C_1_DMAX_12_SIMLIK_dimer_7, C_2_DMAX_00_SIMLIK_dimer_7, RMSD: 4.09156850286e-15
C_1_DMAX_12_SIMLIK_dimer_7, C_2_DMAX_05_SIMLIK_dimer_21, RMSD: 4.09156850286e-15
C_1_DMAX_12_SIMLIK_dimer_7, C_2_DMAX_10_SIMLIK_dimer_40, RMSD: 4.09156850286e-15
C_1_DMAX_12_SIMLIK_dimer_7, C_2_DMAX_12_SIMLIK_dimer_51, RMSD: 4.09156850286e-15
C_1_DMAX_12_SIMLIK_dimer_7, C_2_DMAX_17_SIMLIK_dimer_72, RMSD: 4.09156850286e-15
C_1_DMAX_12_SIMLIK_dimer_7, C_2_DMAX_20_SIMLIK_dimer_99, RMSD: 4.09156850286e-15
C_1_DMAX_12_SIMLIK_dimer_7, C_2_DMAX_25_SIMLIK_dimer_153, RMSD: 4.09156850286e-15
C_1_DMAX_12_SIMLIK_dimer_7, C_3_DMAX_05_SIMLIK_dimer_1, RMSD: 4.09156850286e-15
C_1_DMAX_12_SIMLIK_dimer_7, C_3_DMAX_10_SIMLIK_dimer_5, RMSD: 4.09156850286e-15
C_1_DMAX_12_SIMLIK_dimer_7, C_3_DMAX_12_SIMLIK_dimer_7, RMSD: 4.09156850286e-15
C_1_DMAX_12_SIMLIK_dimer_7, C_3_DMAX_17_SIMLIK_dimer_25, RMSD: 4.09156850286e-15
C_1_DMAX_12_SIMLIK_dimer_7, C_3_DMAX_20_SIMLIK_dimer_36, RMSD: 4.09156850286e-15
C_1_DMAX_12_SIMLIK_dimer_7, C_3_DMAX_25_SIMLIK_dimer_62, RMSD: 4.09156850286e-15
C_1_DMAX_17_SIMLIK_dimer_25, C_1_DMAX_20_SIMLIK_dimer_36, RMSD: 4.09156850286e-15
C_1_DMAX_17_SIMLIK_dimer_25, C_1_DMAX_25_SIMLIK_dimer_62, RMSD: 4.09156850286e-15
C_1_DMAX_17_SIMLIK_dimer_25, C_2_DMAX_00_SIMLIK_dimer_7, RMSD: 4.09156850286e-15
C_1_DMAX_17_SIMLIK_dimer_25, C_2_DMAX_05_SIMLIK_dimer_21, RMSD: 4.09156850286e-15
C_1_DMAX_17_SIMLIK_dimer_25, C_2_DMAX_10_SIMLIK_dimer_40, RMSD: 4.09156850286e-15
C_1_DMAX_17_SIMLIK_dimer_25, C_2_DMAX_12_SIMLIK_dimer_51, RMSD: 4.09156850286e-15
C_1_DMAX_17_SIMLIK_dimer_25, C_2_DMAX_17_SIMLIK_dimer_72, RMSD: 4.09156850286e-15
C_1_DMAX_17_SIMLIK_dimer_25, C_2_DMAX_20_SIMLIK_dimer_99, RMSD: 4.09156850286e-15
C_1_DMAX_17_SIMLIK_dimer_25, C_2_DMAX_25_SIMLIK_dimer_153, RMSD: 4.09156850286e-15
C_1_DMAX_17_SIMLIK_dimer_25, C_3_DMAX_05_SIMLIK_dimer_1, RMSD: 4.09156850286e-15
C_1_DMAX_17_SIMLIK_dimer_25, C_3_DMAX_10_SIMLIK_dimer_5, RMSD: 4.09156850286e-15
C_1_DMAX_17_SIMLIK_dimer_25, C_3_DMAX_12_SIMLIK_dimer_7, RMSD: 4.09156850286e-15
C_1_DMAX_17_SIMLIK_dimer_25, C_3_DMAX_17_SIMLIK_dimer_25, RMSD: 4.09156850286e-15
C_1_DMAX_17_SIMLIK_dimer_25, C_3_DMAX_20_SIMLIK_dimer_36, RMSD: 4.09156850286e-15
C_1_DMAX_17_SIMLIK_dimer_25, C_3_DMAX_25_SIMLIK_dimer_62, RMSD: 4.09156850286e-15
C_1_DMAX_17_SIMLIK_dimer_58, C_1_DMAX_20_SIMLIK_dimer_82, RMSD: 4.9675114175e-15
C_1_DMAX_17_SIMLIK_dimer_58, C_1_DMAX_25_SIMLIK_dimer_159, RMSD: 4.9675114175e-15
C_1_DMAX_17_SIMLIK_dimer_58, C_2_DMAX_00_SIMLIK_dimer_16, RMSD: 4.9675114175e-15
C_1_DMAX_17_SIMLIK_dimer_58, C_2_DMAX_05_SIMLIK_dimer_49, RMSD: 4.9675114175e-15
C_1_DMAX_17_SIMLIK_dimer_58, C_2_DMAX_10_SIMLIK_dimer_93, RMSD: 4.9675114175e-15
C_1_DMAX_17_SIMLIK_dimer_58, C_2_DMAX_12_SIMLIK_dimer_124, RMSD: 4.9675114175e-15
C_1_DMAX_17_SIMLIK_dimer_58, C_2_DMAX_17_SIMLIK_dimer_191, RMSD: 4.9675114175e-15
C_1_DMAX_17_SIMLIK_dimer_58, C_2_DMAX_20_SIMLIK_dimer_261, RMSD: 4.9675114175e-15
C_1_DMAX_17_SIMLIK_dimer_58, C_2_DMAX_25_SIMLIK_dimer_404, RMSD: 4.9675114175e-15
C_1_DMAX_17_SIMLIK_dimer_58, C_3_DMAX_10_SIMLIK_dimer_12, RMSD: 4.9675114175e-15
C_1_DMAX_17_SIMLIK_dimer_58, C_3_DMAX_12_SIMLIK_dimer_17, RMSD: 4.9675114175e-15
C_1_DMAX_17_SIMLIK_dimer_58, C_3_DMAX_17_SIMLIK_dimer_58, RMSD: 4.9675114175e-15
C_1_DMAX_17_SIMLIK_dimer_58, C_3_DMAX_20_SIMLIK_dimer_82, RMSD: 4.9675114175e-15
C_1_DMAX_17_SIMLIK_dimer_58, C_3_DMAX_25_SIMLIK_dimer_159, RMSD: 4.9675114175e-15
C_1_DMAX_17_SIMLIK_dimer_59, C_1_DMAX_20_SIMLIK_dimer_83, RMSD: 4.00513150251e-15
C_1_DMAX_17_SIMLIK_dimer_59, C_1_DMAX_25_SIMLIK_dimer_160, RMSD: 4.00513150251e-15
C_1_DMAX_17_SIMLIK_dimer_59, C_2_DMAX_00_SIMLIK_dimer_17, RMSD: 4.00513150251e-15
C_1_DMAX_17_SIMLIK_dimer_59, C_2_DMAX_05_SIMLIK_dimer_50, RMSD: 4.00513150251e-15
C_1_DMAX_17_SIMLIK_dimer_59, C_2_DMAX_10_SIMLIK_dimer_94, RMSD: 4.00513150251e-15
C_1_DMAX_17_SIMLIK_dimer_59, C_2_DMAX_12_SIMLIK_dimer_125, RMSD: 4.00513150251e-15
C_1_DMAX_17_SIMLIK_dimer_59, C_2_DMAX_17_SIMLIK_dimer_192, RMSD: 4.00513150251e-15
C_1_DMAX_17_SIMLIK_dimer_59, C_2_DMAX_20_SIMLIK_dimer_262, RMSD: 4.00513150251e-15
C_1_DMAX_17_SIMLIK_dimer_59, C_2_DMAX_25_SIMLIK_dimer_405, RMSD: 4.00513150251e-15
C_1_DMAX_17_SIMLIK_dimer_59, C_3_DMAX_05_SIMLIK_dimer_3, RMSD: 4.00513150251e-15
C_1_DMAX_17_SIMLIK_dimer_59, C_3_DMAX_10_SIMLIK_dimer_13, RMSD: 4.00513150251e-15
C_1_DMAX_17_SIMLIK_dimer_59, C_3_DMAX_12_SIMLIK_dimer_18, RMSD: 4.00513150251e-15
C_1_DMAX_17_SIMLIK_dimer_59, C_3_DMAX_17_SIMLIK_dimer_59, RMSD: 4.00513150251e-15
C_1_DMAX_17_SIMLIK_dimer_59, C_3_DMAX_20_SIMLIK_dimer_83, RMSD: 4.00513150251e-15
C_1_DMAX_17_SIMLIK_dimer_59, C_3_DMAX_25_SIMLIK_dimer_160, RMSD: 4.00513150251e-15
C_1_DMAX_17_SIMLIK_dimer_8, C_1_DMAX_20_SIMLIK_dimer_10, RMSD: 3.89776179919e-15
C_1_DMAX_17_SIMLIK_dimer_8, C_1_DMAX_25_SIMLIK_dimer_20, RMSD: 3.89776179919e-15
C_1_DMAX_17_SIMLIK_dimer_8, C_2_DMAX_00_SIMLIK_dimer_2, RMSD: 3.89776179919e-15
C_1_DMAX_17_SIMLIK_dimer_8, C_2_DMAX_05_SIMLIK_dimer_7, RMSD: 3.89776179919e-15
C_1_DMAX_17_SIMLIK_dimer_8, C_2_DMAX_10_SIMLIK_dimer_13, RMSD: 3.89776179919e-15
C_1_DMAX_17_SIMLIK_dimer_8, C_2_DMAX_12_SIMLIK_dimer_17, RMSD: 3.89776179919e-15
C_1_DMAX_17_SIMLIK_dimer_8, C_2_DMAX_17_SIMLIK_dimer_24, RMSD: 3.89776179919e-15
C_1_DMAX_17_SIMLIK_dimer_8, C_2_DMAX_20_SIMLIK_dimer_34, RMSD: 3.89776179919e-15
C_1_DMAX_17_SIMLIK_dimer_8, C_2_DMAX_25_SIMLIK_dimer_68, RMSD: 3.89776179919e-15
C_1_DMAX_17_SIMLIK_dimer_8, C_3_DMAX_12_SIMLIK_dimer_2, RMSD: 3.89776179919e-15
C_1_DMAX_17_SIMLIK_dimer_8, C_3_DMAX_17_SIMLIK_dimer_8, RMSD: 3.89776179919e-15
C_1_DMAX_17_SIMLIK_dimer_8, C_3_DMAX_20_SIMLIK_dimer_10, RMSD: 3.89776179919e-15
C_1_DMAX_17_SIMLIK_dimer_8, C_3_DMAX_25_SIMLIK_dimer_20, RMSD: 3.89776179919e-15
C_1_DMAX_17_SIMLIK_dimer_9, C_1_DMAX_20_SIMLIK_dimer_11, RMSD: 2.63900388693e-15
C_1_DMAX_17_SIMLIK_dimer_9, C_1_DMAX_25_SIMLIK_dimer_21, RMSD: 2.63900388693e-15
C_1_DMAX_17_SIMLIK_dimer_9, C_2_DMAX_05_SIMLIK_dimer_8, RMSD: 2.63900388693e-15
C_1_DMAX_17_SIMLIK_dimer_9, C_2_DMAX_10_SIMLIK_dimer_14, RMSD: 2.63900388693e-15
C_1_DMAX_17_SIMLIK_dimer_9, C_2_DMAX_12_SIMLIK_dimer_18, RMSD: 2.63900388693e-15
C_1_DMAX_17_SIMLIK_dimer_9, C_2_DMAX_17_SIMLIK_dimer_25, RMSD: 2.63900388693e-15
C_1_DMAX_17_SIMLIK_dimer_9, C_2_DMAX_20_SIMLIK_dimer_35, RMSD: 2.63900388693e-15
C_1_DMAX_17_SIMLIK_dimer_9, C_2_DMAX_25_SIMLIK_dimer_69, RMSD: 2.63900388693e-15
C_1_DMAX_17_SIMLIK_dimer_9, C_3_DMAX_17_SIMLIK_dimer_9, RMSD: 2.63900388693e-15
C_1_DMAX_17_SIMLIK_dimer_9, C_3_DMAX_20_SIMLIK_dimer_11, RMSD: 2.63900388693e-15
C_1_DMAX_17_SIMLIK_dimer_9, C_3_DMAX_25_SIMLIK_dimer_21, RMSD: 2.63900388693e-15
C_1_DMAX_20_SIMLIK_dimer_10, C_1_DMAX_25_SIMLIK_dimer_20, RMSD: 3.89776179919e-15
C_1_DMAX_20_SIMLIK_dimer_10, C_2_DMAX_00_SIMLIK_dimer_2, RMSD: 3.89776179919e-15
C_1_DMAX_20_SIMLIK_dimer_10, C_2_DMAX_05_SIMLIK_dimer_7, RMSD: 3.89776179919e-15
C_1_DMAX_20_SIMLIK_dimer_10, C_2_DMAX_10_SIMLIK_dimer_13, RMSD: 3.89776179919e-15
C_1_DMAX_20_SIMLIK_dimer_10, C_2_DMAX_12_SIMLIK_dimer_17, RMSD: 3.89776179919e-15
C_1_DMAX_20_SIMLIK_dimer_10, C_2_DMAX_17_SIMLIK_dimer_24, RMSD: 3.89776179919e-15
C_1_DMAX_20_SIMLIK_dimer_10, C_2_DMAX_20_SIMLIK_dimer_34, RMSD: 3.89776179919e-15
C_1_DMAX_20_SIMLIK_dimer_10, C_2_DMAX_25_SIMLIK_dimer_68, RMSD: 3.89776179919e-15
C_1_DMAX_20_SIMLIK_dimer_10, C_3_DMAX_12_SIMLIK_dimer_2, RMSD: 3.89776179919e-15
C_1_DMAX_20_SIMLIK_dimer_10, C_3_DMAX_17_SIMLIK_dimer_8, RMSD: 3.89776179919e-15
C_1_DMAX_20_SIMLIK_dimer_10, C_3_DMAX_20_SIMLIK_dimer_10, RMSD: 3.89776179919e-15
C_1_DMAX_20_SIMLIK_dimer_10, C_3_DMAX_25_SIMLIK_dimer_20, RMSD: 3.89776179919e-15
C_1_DMAX_20_SIMLIK_dimer_11, C_1_DMAX_25_SIMLIK_dimer_21, RMSD: 2.63900388693e-15
C_1_DMAX_20_SIMLIK_dimer_11, C_2_DMAX_05_SIMLIK_dimer_8, RMSD: 2.63900388693e-15
C_1_DMAX_20_SIMLIK_dimer_11, C_2_DMAX_10_SIMLIK_dimer_14, RMSD: 2.63900388693e-15
C_1_DMAX_20_SIMLIK_dimer_11, C_2_DMAX_12_SIMLIK_dimer_18, RMSD: 2.63900388693e-15
C_1_DMAX_20_SIMLIK_dimer_11, C_2_DMAX_17_SIMLIK_dimer_25, RMSD: 2.63900388693e-15
C_1_DMAX_20_SIMLIK_dimer_11, C_2_DMAX_20_SIMLIK_dimer_35, RMSD: 2.63900388693e-15
C_1_DMAX_20_SIMLIK_dimer_11, C_2_DMAX_25_SIMLIK_dimer_69, RMSD: 2.63900388693e-15
C_1_DMAX_20_SIMLIK_dimer_11, C_3_DMAX_17_SIMLIK_dimer_9, RMSD: 2.63900388693e-15
C_1_DMAX_20_SIMLIK_dimer_11, C_3_DMAX_20_SIMLIK_dimer_11, RMSD: 2.63900388693e-15
C_1_DMAX_20_SIMLIK_dimer_11, C_3_DMAX_25_SIMLIK_dimer_21, RMSD: 2.63900388693e-15
C_1_DMAX_20_SIMLIK_dimer_36, C_1_DMAX_25_SIMLIK_dimer_62, RMSD: 4.09156850286e-15
C_1_DMAX_20_SIMLIK_dimer_36, C_2_DMAX_00_SIMLIK_dimer_7, RMSD: 4.09156850286e-15
C_1_DMAX_20_SIMLIK_dimer_36, C_2_DMAX_05_SIMLIK_dimer_21, RMSD: 4.09156850286e-15
C_1_DMAX_20_SIMLIK_dimer_36, C_2_DMAX_10_SIMLIK_dimer_40, RMSD: 4.09156850286e-15
C_1_DMAX_20_SIMLIK_dimer_36, C_2_DMAX_12_SIMLIK_dimer_51, RMSD: 4.09156850286e-15
C_1_DMAX_20_SIMLIK_dimer_36, C_2_DMAX_17_SIMLIK_dimer_72, RMSD: 4.09156850286e-15
C_1_DMAX_20_SIMLIK_dimer_36, C_2_DMAX_20_SIMLIK_dimer_99, RMSD: 4.09156850286e-15
C_1_DMAX_20_SIMLIK_dimer_36, C_2_DMAX_25_SIMLIK_dimer_153, RMSD: 4.09156850286e-15
C_1_DMAX_20_SIMLIK_dimer_36, C_3_DMAX_05_SIMLIK_dimer_1, RMSD: 4.09156850286e-15
C_1_DMAX_20_SIMLIK_dimer_36, C_3_DMAX_10_SIMLIK_dimer_5, RMSD: 4.09156850286e-15
C_1_DMAX_20_SIMLIK_dimer_36, C_3_DMAX_12_SIMLIK_dimer_7, RMSD: 4.09156850286e-15
C_1_DMAX_20_SIMLIK_dimer_36, C_3_DMAX_17_SIMLIK_dimer_25, RMSD: 4.09156850286e-15
C_1_DMAX_20_SIMLIK_dimer_36, C_3_DMAX_20_SIMLIK_dimer_36, RMSD: 4.09156850286e-15
C_1_DMAX_20_SIMLIK_dimer_36, C_3_DMAX_25_SIMLIK_dimer_62, RMSD: 4.09156850286e-15
C_1_DMAX_20_SIMLIK_dimer_82, C_1_DMAX_25_SIMLIK_dimer_159, RMSD: 4.9675114175e-15
C_1_DMAX_20_SIMLIK_dimer_82, C_2_DMAX_00_SIMLIK_dimer_16, RMSD: 4.9675114175e-15
C_1_DMAX_20_SIMLIK_dimer_82, C_2_DMAX_05_SIMLIK_dimer_49, RMSD: 4.9675114175e-15
C_1_DMAX_20_SIMLIK_dimer_82, C_2_DMAX_10_SIMLIK_dimer_93, RMSD: 4.9675114175e-15
C_1_DMAX_20_SIMLIK_dimer_82, C_2_DMAX_12_SIMLIK_dimer_124, RMSD: 4.9675114175e-15
C_1_DMAX_20_SIMLIK_dimer_82, C_2_DMAX_17_SIMLIK_dimer_191, RMSD: 4.9675114175e-15
C_1_DMAX_20_SIMLIK_dimer_82, C_2_DMAX_20_SIMLIK_dimer_261, RMSD: 4.9675114175e-15
C_1_DMAX_20_SIMLIK_dimer_82, C_2_DMAX_25_SIMLIK_dimer_404, RMSD: 4.9675114175e-15
C_1_DMAX_20_SIMLIK_dimer_82, C_3_DMAX_10_SIMLIK_dimer_12, RMSD: 4.9675114175e-15
C_1_DMAX_20_SIMLIK_dimer_82, C_3_DMAX_12_SIMLIK_dimer_17, RMSD: 4.9675114175e-15
C_1_DMAX_20_SIMLIK_dimer_82, C_3_DMAX_17_SIMLIK_dimer_58, RMSD: 4.9675114175e-15
C_1_DMAX_20_SIMLIK_dimer_82, C_3_DMAX_20_SIMLIK_dimer_82, RMSD: 4.9675114175e-15
C_1_DMAX_20_SIMLIK_dimer_82, C_3_DMAX_25_SIMLIK_dimer_159, RMSD: 4.9675114175e-15
C_1_DMAX_20_SIMLIK_dimer_83, C_1_DMAX_25_SIMLIK_dimer_160, RMSD: 4.00513150251e-15
C_1_DMAX_20_SIMLIK_dimer_83, C_2_DMAX_00_SIMLIK_dimer_17, RMSD: 4.00513150251e-15
C_1_DMAX_20_SIMLIK_dimer_83, C_2_DMAX_05_SIMLIK_dimer_50, RMSD: 4.00513150251e-15
C_1_DMAX_20_SIMLIK_dimer_83, C_2_DMAX_10_SIMLIK_dimer_94, RMSD: 4.00513150251e-15
C_1_DMAX_20_SIMLIK_dimer_83, C_2_DMAX_12_SIMLIK_dimer_125, RMSD: 4.00513150251e-15
C_1_DMAX_20_SIMLIK_dimer_83, C_2_DMAX_17_SIMLIK_dimer_192, RMSD: 4.00513150251e-15
C_1_DMAX_20_SIMLIK_dimer_83, C_2_DMAX_20_SIMLIK_dimer_262, RMSD: 4.00513150251e-15
C_1_DMAX_20_SIMLIK_dimer_83, C_2_DMAX_25_SIMLIK_dimer_405, RMSD: 4.00513150251e-15
C_1_DMAX_20_SIMLIK_dimer_83, C_3_DMAX_05_SIMLIK_dimer_3, RMSD: 4.00513150251e-15
C_1_DMAX_20_SIMLIK_dimer_83, C_3_DMAX_10_SIMLIK_dimer_13, RMSD: 4.00513150251e-15
C_1_DMAX_20_SIMLIK_dimer_83, C_3_DMAX_12_SIMLIK_dimer_18, RMSD: 4.00513150251e-15
C_1_DMAX_20_SIMLIK_dimer_83, C_3_DMAX_17_SIMLIK_dimer_59, RMSD: 4.00513150251e-15
C_1_DMAX_20_SIMLIK_dimer_83, C_3_DMAX_20_SIMLIK_dimer_83, RMSD: 4.00513150251e-15
C_1_DMAX_20_SIMLIK_dimer_83, C_3_DMAX_25_SIMLIK_dimer_160, RMSD: 4.00513150251e-15
C_1_DMAX_25_SIMLIK_dimer_159, C_2_DMAX_00_SIMLIK_dimer_16, RMSD: 4.9675114175e-15
C_1_DMAX_25_SIMLIK_dimer_159, C_2_DMAX_05_SIMLIK_dimer_49, RMSD: 4.9675114175e-15
C_1_DMAX_25_SIMLIK_dimer_159, C_2_DMAX_10_SIMLIK_dimer_93, RMSD: 4.9675114175e-15
C_1_DMAX_25_SIMLIK_dimer_159, C_2_DMAX_12_SIMLIK_dimer_124, RMSD: 4.9675114175e-15
C_1_DMAX_25_SIMLIK_dimer_159, C_2_DMAX_17_SIMLIK_dimer_191, RMSD: 4.9675114175e-15
C_1_DMAX_25_SIMLIK_dimer_159, C_2_DMAX_20_SIMLIK_dimer_261, RMSD: 4.9675114175e-15
C_1_DMAX_25_SIMLIK_dimer_159, C_2_DMAX_25_SIMLIK_dimer_404, RMSD: 4.9675114175e-15
C_1_DMAX_25_SIMLIK_dimer_159, C_3_DMAX_10_SIMLIK_dimer_12, RMSD: 4.9675114175e-15
C_1_DMAX_25_SIMLIK_dimer_159, C_3_DMAX_12_SIMLIK_dimer_17, RMSD: 4.9675114175e-15
C_1_DMAX_25_SIMLIK_dimer_159, C_3_DMAX_17_SIMLIK_dimer_58, RMSD: 4.9675114175e-15
C_1_DMAX_25_SIMLIK_dimer_159, C_3_DMAX_20_SIMLIK_dimer_82, RMSD: 4.9675114175e-15
C_1_DMAX_25_SIMLIK_dimer_159, C_3_DMAX_25_SIMLIK_dimer_159, RMSD: 4.9675114175e-15
C_1_DMAX_25_SIMLIK_dimer_160, C_2_DMAX_00_SIMLIK_dimer_17, RMSD: 4.00513150251e-15
C_1_DMAX_25_SIMLIK_dimer_160, C_2_DMAX_05_SIMLIK_dimer_50, RMSD: 4.00513150251e-15
C_1_DMAX_25_SIMLIK_dimer_160, C_2_DMAX_10_SIMLIK_dimer_94, RMSD: 4.00513150251e-15
C_1_DMAX_25_SIMLIK_dimer_160, C_2_DMAX_12_SIMLIK_dimer_125, RMSD: 4.00513150251e-15
C_1_DMAX_25_SIMLIK_dimer_160, C_2_DMAX_17_SIMLIK_dimer_192, RMSD: 4.00513150251e-15
C_1_DMAX_25_SIMLIK_dimer_160, C_2_DMAX_20_SIMLIK_dimer_262, RMSD: 4.00513150251e-15
C_1_DMAX_25_SIMLIK_dimer_160, C_2_DMAX_25_SIMLIK_dimer_405, RMSD: 4.00513150251e-15
C_1_DMAX_25_SIMLIK_dimer_160, C_3_DMAX_05_SIMLIK_dimer_3, RMSD: 4.00513150251e-15
C_1_DMAX_25_SIMLIK_dimer_160, C_3_DMAX_10_SIMLIK_dimer_13, RMSD: 4.00513150251e-15
C_1_DMAX_25_SIMLIK_dimer_160, C_3_DMAX_12_SIMLIK_dimer_18, RMSD: 4.00513150251e-15
C_1_DMAX_25_SIMLIK_dimer_160, C_3_DMAX_17_SIMLIK_dimer_59, RMSD: 4.00513150251e-15
C_1_DMAX_25_SIMLIK_dimer_160, C_3_DMAX_20_SIMLIK_dimer_83, RMSD: 4.00513150251e-15
C_1_DMAX_25_SIMLIK_dimer_160, C_3_DMAX_25_SIMLIK_dimer_160, RMSD: 4.00513150251e-15
C_1_DMAX_25_SIMLIK_dimer_20, C_2_DMAX_00_SIMLIK_dimer_2, RMSD: 3.89776179919e-15
C_1_DMAX_25_SIMLIK_dimer_20, C_2_DMAX_05_SIMLIK_dimer_7, RMSD: 3.89776179919e-15
C_1_DMAX_25_SIMLIK_dimer_20, C_2_DMAX_10_SIMLIK_dimer_13, RMSD: 3.89776179919e-15
C_1_DMAX_25_SIMLIK_dimer_20, C_2_DMAX_12_SIMLIK_dimer_17, RMSD: 3.89776179919e-15
C_1_DMAX_25_SIMLIK_dimer_20, C_2_DMAX_17_SIMLIK_dimer_24, RMSD: 3.89776179919e-15
C_1_DMAX_25_SIMLIK_dimer_20, C_2_DMAX_20_SIMLIK_dimer_34, RMSD: 3.89776179919e-15
C_1_DMAX_25_SIMLIK_dimer_20, C_2_DMAX_25_SIMLIK_dimer_68, RMSD: 3.89776179919e-15
C_1_DMAX_25_SIMLIK_dimer_20, C_3_DMAX_12_SIMLIK_dimer_2, RMSD: 3.89776179919e-15
C_1_DMAX_25_SIMLIK_dimer_20, C_3_DMAX_17_SIMLIK_dimer_8, RMSD: 3.89776179919e-15
C_1_DMAX_25_SIMLIK_dimer_20, C_3_DMAX_20_SIMLIK_dimer_10, RMSD: 3.89776179919e-15
C_1_DMAX_25_SIMLIK_dimer_20, C_3_DMAX_25_SIMLIK_dimer_20, RMSD: 3.89776179919e-15
C_1_DMAX_25_SIMLIK_dimer_21, C_2_DMAX_05_SIMLIK_dimer_8, RMSD: 2.63900388693e-15
C_1_DMAX_25_SIMLIK_dimer_21, C_2_DMAX_10_SIMLIK_dimer_14, RMSD: 2.63900388693e-15
C_1_DMAX_25_SIMLIK_dimer_21, C_2_DMAX_12_SIMLIK_dimer_18, RMSD: 2.63900388693e-15
C_1_DMAX_25_SIMLIK_dimer_21, C_2_DMAX_17_SIMLIK_dimer_25, RMSD: 2.63900388693e-15
C_1_DMAX_25_SIMLIK_dimer_21, C_2_DMAX_20_SIMLIK_dimer_35, RMSD: 2.63900388693e-15
C_1_DMAX_25_SIMLIK_dimer_21, C_2_DMAX_25_SIMLIK_dimer_69, RMSD: 2.63900388693e-15
C_1_DMAX_25_SIMLIK_dimer_21, C_3_DMAX_17_SIMLIK_dimer_9, RMSD: 2.63900388693e-15
C_1_DMAX_25_SIMLIK_dimer_21, C_3_DMAX_20_SIMLIK_dimer_11, RMSD: 2.63900388693e-15
C_1_DMAX_25_SIMLIK_dimer_21, C_3_DMAX_25_SIMLIK_dimer_21, RMSD: 2.63900388693e-15
C_1_DMAX_25_SIMLIK_dimer_62, C_2_DMAX_00_SIMLIK_dimer_7, RMSD: 4.09156850286e-15
C_1_DMAX_25_SIMLIK_dimer_62, C_2_DMAX_05_SIMLIK_dimer_21, RMSD: 4.09156850286e-15
C_1_DMAX_25_SIMLIK_dimer_62, C_2_DMAX_10_SIMLIK_dimer_40, RMSD: 4.09156850286e-15
C_1_DMAX_25_SIMLIK_dimer_62, C_2_DMAX_12_SIMLIK_dimer_51, RMSD: 4.09156850286e-15
C_1_DMAX_25_SIMLIK_dimer_62, C_2_DMAX_17_SIMLIK_dimer_72, RMSD: 4.09156850286e-15
C_1_DMAX_25_SIMLIK_dimer_62, C_2_DMAX_20_SIMLIK_dimer_99, RMSD: 4.09156850286e-15
C_1_DMAX_25_SIMLIK_dimer_62, C_2_DMAX_25_SIMLIK_dimer_153, RMSD: 4.09156850286e-15
C_1_DMAX_25_SIMLIK_dimer_62, C_3_DMAX_05_SIMLIK_dimer_1, RMSD: 4.09156850286e-15
C_1_DMAX_25_SIMLIK_dimer_62, C_3_DMAX_10_SIMLIK_dimer_5, RMSD: 4.09156850286e-15
C_1_DMAX_25_SIMLIK_dimer_62, C_3_DMAX_12_SIMLIK_dimer_7, RMSD: 4.09156850286e-15
C_1_DMAX_25_SIMLIK_dimer_62, C_3_DMAX_17_SIMLIK_dimer_25, RMSD: 4.09156850286e-15
C_1_DMAX_25_SIMLIK_dimer_62, C_3_DMAX_20_SIMLIK_dimer_36, RMSD: 4.09156850286e-15
C_1_DMAX_25_SIMLIK_dimer_62, C_3_DMAX_25_SIMLIK_dimer_62, RMSD: 4.09156850286e-15
C_2_DMAX_00_SIMLIK_dimer_16, C_2_DMAX_05_SIMLIK_dimer_49, RMSD: 4.9675114175e-15
C_2_DMAX_00_SIMLIK_dimer_16, C_2_DMAX_10_SIMLIK_dimer_93, RMSD: 4.9675114175e-15
C_2_DMAX_00_SIMLIK_dimer_16, C_2_DMAX_12_SIMLIK_dimer_124, RMSD: 4.9675114175e-15
C_2_DMAX_00_SIMLIK_dimer_16, C_2_DMAX_17_SIMLIK_dimer_191, RMSD: 4.9675114175e-15
C_2_DMAX_00_SIMLIK_dimer_16, C_2_DMAX_20_SIMLIK_dimer_261, RMSD: 4.9675114175e-15
C_2_DMAX_00_SIMLIK_dimer_16, C_2_DMAX_25_SIMLIK_dimer_404, RMSD: 4.9675114175e-15
C_2_DMAX_00_SIMLIK_dimer_16, C_3_DMAX_10_SIMLIK_dimer_12, RMSD: 4.9675114175e-15
C_2_DMAX_00_SIMLIK_dimer_16, C_3_DMAX_12_SIMLIK_dimer_17, RMSD: 4.9675114175e-15
C_2_DMAX_00_SIMLIK_dimer_16, C_3_DMAX_17_SIMLIK_dimer_58, RMSD: 4.9675114175e-15
C_2_DMAX_00_SIMLIK_dimer_16, C_3_DMAX_20_SIMLIK_dimer_82, RMSD: 4.9675114175e-15
C_2_DMAX_00_SIMLIK_dimer_16, C_3_DMAX_25_SIMLIK_dimer_159, RMSD: 4.9675114175e-15
C_2_DMAX_00_SIMLIK_dimer_17, C_2_DMAX_05_SIMLIK_dimer_50, RMSD: 4.00513150251e-15
C_2_DMAX_00_SIMLIK_dimer_17, C_2_DMAX_10_SIMLIK_dimer_94, RMSD: 4.00513150251e-15
C_2_DMAX_00_SIMLIK_dimer_17, C_2_DMAX_12_SIMLIK_dimer_125, RMSD: 4.00513150251e-15
C_2_DMAX_00_SIMLIK_dimer_17, C_2_DMAX_17_SIMLIK_dimer_192, RMSD: 4.00513150251e-15
C_2_DMAX_00_SIMLIK_dimer_17, C_2_DMAX_20_SIMLIK_dimer_262, RMSD: 4.00513150251e-15
C_2_DMAX_00_SIMLIK_dimer_17, C_2_DMAX_25_SIMLIK_dimer_405, RMSD: 4.00513150251e-15
C_2_DMAX_00_SIMLIK_dimer_17, C_3_DMAX_05_SIMLIK_dimer_3, RMSD: 4.00513150251e-15
C_2_DMAX_00_SIMLIK_dimer_17, C_3_DMAX_10_SIMLIK_dimer_13, RMSD: 4.00513150251e-15
C_2_DMAX_00_SIMLIK_dimer_17, C_3_DMAX_12_SIMLIK_dimer_18, RMSD: 4.00513150251e-15
C_2_DMAX_00_SIMLIK_dimer_17, C_3_DMAX_17_SIMLIK_dimer_59, RMSD: 4.00513150251e-15
C_2_DMAX_00_SIMLIK_dimer_17, C_3_DMAX_20_SIMLIK_dimer_83, RMSD: 4.00513150251e-15
C_2_DMAX_00_SIMLIK_dimer_17, C_3_DMAX_25_SIMLIK_dimer_160, RMSD: 4.00513150251e-15
C_2_DMAX_00_SIMLIK_dimer_2, C_2_DMAX_05_SIMLIK_dimer_7, RMSD: 3.89776179919e-15
C_2_DMAX_00_SIMLIK_dimer_2, C_2_DMAX_10_SIMLIK_dimer_13, RMSD: 3.89776179919e-15
C_2_DMAX_00_SIMLIK_dimer_2, C_2_DMAX_12_SIMLIK_dimer_17, RMSD: 3.89776179919e-15
C_2_DMAX_00_SIMLIK_dimer_2, C_2_DMAX_17_SIMLIK_dimer_24, RMSD: 3.89776179919e-15
C_2_DMAX_00_SIMLIK_dimer_2, C_2_DMAX_20_SIMLIK_dimer_34, RMSD: 3.89776179919e-15
C_2_DMAX_00_SIMLIK_dimer_2, C_2_DMAX_25_SIMLIK_dimer_68, RMSD: 3.89776179919e-15
C_2_DMAX_00_SIMLIK_dimer_2, C_3_DMAX_12_SIMLIK_dimer_2, RMSD: 3.89776179919e-15
C_2_DMAX_00_SIMLIK_dimer_2, C_3_DMAX_17_SIMLIK_dimer_8, RMSD: 3.89776179919e-15
C_2_DMAX_00_SIMLIK_dimer_2, C_3_DMAX_20_SIMLIK_dimer_10, RMSD: 3.89776179919e-15
C_2_DMAX_00_SIMLIK_dimer_2, C_3_DMAX_25_SIMLIK_dimer_20, RMSD: 3.89776179919e-15
C_2_DMAX_00_SIMLIK_dimer_7, C_2_DMAX_05_SIMLIK_dimer_21, RMSD: 4.09156850286e-15
C_2_DMAX_00_SIMLIK_dimer_7, C_2_DMAX_10_SIMLIK_dimer_40, RMSD: 4.09156850286e-15
C_2_DMAX_00_SIMLIK_dimer_7, C_2_DMAX_12_SIMLIK_dimer_51, RMSD: 4.09156850286e-15
C_2_DMAX_00_SIMLIK_dimer_7, C_2_DMAX_17_SIMLIK_dimer_72, RMSD: 4.09156850286e-15
C_2_DMAX_00_SIMLIK_dimer_7, C_2_DMAX_20_SIMLIK_dimer_99, RMSD: 4.09156850286e-15
C_2_DMAX_00_SIMLIK_dimer_7, C_2_DMAX_25_SIMLIK_dimer_153, RMSD: 4.09156850286e-15
C_2_DMAX_00_SIMLIK_dimer_7, C_3_DMAX_05_SIMLIK_dimer_1, RMSD: 4.09156850286e-15
C_2_DMAX_00_SIMLIK_dimer_7, C_3_DMAX_10_SIMLIK_dimer_5, RMSD: 4.09156850286e-15
C_2_DMAX_00_SIMLIK_dimer_7, C_3_DMAX_12_SIMLIK_dimer_7, RMSD: 4.09156850286e-15
C_2_DMAX_00_SIMLIK_dimer_7, C_3_DMAX_17_SIMLIK_dimer_25, RMSD: 4.09156850286e-15
C_2_DMAX_00_SIMLIK_dimer_7, C_3_DMAX_20_SIMLIK_dimer_36, RMSD: 4.09156850286e-15
C_2_DMAX_00_SIMLIK_dimer_7, C_3_DMAX_25_SIMLIK_dimer_62, RMSD: 4.09156850286e-15
C_2_DMAX_05_SIMLIK_dimer_21, C_2_DMAX_10_SIMLIK_dimer_40, RMSD: 4.09156850286e-15
C_2_DMAX_05_SIMLIK_dimer_21, C_2_DMAX_12_SIMLIK_dimer_51, RMSD: 4.09156850286e-15
C_2_DMAX_05_SIMLIK_dimer_21, C_2_DMAX_17_SIMLIK_dimer_72, RMSD: 4.09156850286e-15
C_2_DMAX_05_SIMLIK_dimer_21, C_2_DMAX_20_SIMLIK_dimer_99, RMSD: 4.09156850286e-15
C_2_DMAX_05_SIMLIK_dimer_21, C_2_DMAX_25_SIMLIK_dimer_153, RMSD: 4.09156850286e-15
C_2_DMAX_05_SIMLIK_dimer_21, C_3_DMAX_05_SIMLIK_dimer_1, RMSD: 4.09156850286e-15
C_2_DMAX_05_SIMLIK_dimer_21, C_3_DMAX_10_SIMLIK_dimer_5, RMSD: 4.09156850286e-15
C_2_DMAX_05_SIMLIK_dimer_21, C_3_DMAX_12_SIMLIK_dimer_7, RMSD: 4.09156850286e-15
C_2_DMAX_05_SIMLIK_dimer_21, C_3_DMAX_17_SIMLIK_dimer_25, RMSD: 4.09156850286e-15
C_2_DMAX_05_SIMLIK_dimer_21, C_3_DMAX_20_SIMLIK_dimer_36, RMSD: 4.09156850286e-15
C_2_DMAX_05_SIMLIK_dimer_21, C_3_DMAX_25_SIMLIK_dimer_62, RMSD: 4.09156850286e-15
C_2_DMAX_05_SIMLIK_dimer_49, C_2_DMAX_10_SIMLIK_dimer_93, RMSD: 4.9675114175e-15
C_2_DMAX_05_SIMLIK_dimer_49, C_2_DMAX_12_SIMLIK_dimer_124, RMSD: 4.9675114175e-15
C_2_DMAX_05_SIMLIK_dimer_49, C_2_DMAX_17_SIMLIK_dimer_191, RMSD: 4.9675114175e-15
C_2_DMAX_05_SIMLIK_dimer_49, C_2_DMAX_20_SIMLIK_dimer_261, RMSD: 4.9675114175e-15
C_2_DMAX_05_SIMLIK_dimer_49, C_2_DMAX_25_SIMLIK_dimer_404, RMSD: 4.9675114175e-15
C_2_DMAX_05_SIMLIK_dimer_49, C_3_DMAX_10_SIMLIK_dimer_12, RMSD: 4.9675114175e-15
C_2_DMAX_05_SIMLIK_dimer_49, C_3_DMAX_12_SIMLIK_dimer_17, RMSD: 4.9675114175e-15
C_2_DMAX_05_SIMLIK_dimer_49, C_3_DMAX_17_SIMLIK_dimer_58, RMSD: 4.9675114175e-15
C_2_DMAX_05_SIMLIK_dimer_49, C_3_DMAX_20_SIMLIK_dimer_82, RMSD: 4.9675114175e-15
C_2_DMAX_05_SIMLIK_dimer_49, C_3_DMAX_25_SIMLIK_dimer_159, RMSD: 4.9675114175e-15
C_2_DMAX_05_SIMLIK_dimer_50, C_2_DMAX_10_SIMLIK_dimer_94, RMSD: 4.00513150251e-15
C_2_DMAX_05_SIMLIK_dimer_50, C_2_DMAX_12_SIMLIK_dimer_125, RMSD: 4.00513150251e-15
C_2_DMAX_05_SIMLIK_dimer_50, C_2_DMAX_17_SIMLIK_dimer_192, RMSD: 4.00513150251e-15
C_2_DMAX_05_SIMLIK_dimer_50, C_2_DMAX_20_SIMLIK_dimer_262, RMSD: 4.00513150251e-15
C_2_DMAX_05_SIMLIK_dimer_50, C_2_DMAX_25_SIMLIK_dimer_405, RMSD: 4.00513150251e-15
C_2_DMAX_05_SIMLIK_dimer_50, C_3_DMAX_05_SIMLIK_dimer_3, RMSD: 4.00513150251e-15
C_2_DMAX_05_SIMLIK_dimer_50, C_3_DMAX_10_SIMLIK_dimer_13, RMSD: 4.00513150251e-15
C_2_DMAX_05_SIMLIK_dimer_50, C_3_DMAX_12_SIMLIK_dimer_18, RMSD: 4.00513150251e-15
C_2_DMAX_05_SIMLIK_dimer_50, C_3_DMAX_17_SIMLIK_dimer_59, RMSD: 4.00513150251e-15
C_2_DMAX_05_SIMLIK_dimer_50, C_3_DMAX_20_SIMLIK_dimer_83, RMSD: 4.00513150251e-15
C_2_DMAX_05_SIMLIK_dimer_50, C_3_DMAX_25_SIMLIK_dimer_160, RMSD: 4.00513150251e-15
C_2_DMAX_05_SIMLIK_dimer_7, C_2_DMAX_10_SIMLIK_dimer_13, RMSD: 3.89776179919e-15
C_2_DMAX_05_SIMLIK_dimer_7, C_2_DMAX_12_SIMLIK_dimer_17, RMSD: 3.89776179919e-15
C_2_DMAX_05_SIMLIK_dimer_7, C_2_DMAX_17_SIMLIK_dimer_24, RMSD: 3.89776179919e-15
C_2_DMAX_05_SIMLIK_dimer_7, C_2_DMAX_20_SIMLIK_dimer_34, RMSD: 3.89776179919e-15
C_2_DMAX_05_SIMLIK_dimer_7, C_2_DMAX_25_SIMLIK_dimer_68, RMSD: 3.89776179919e-15
C_2_DMAX_05_SIMLIK_dimer_7, C_3_DMAX_12_SIMLIK_dimer_2, RMSD: 3.89776179919e-15
C_2_DMAX_05_SIMLIK_dimer_7, C_3_DMAX_17_SIMLIK_dimer_8, RMSD: 3.89776179919e-15
C_2_DMAX_05_SIMLIK_dimer_7, C_3_DMAX_20_SIMLIK_dimer_10, RMSD: 3.89776179919e-15
C_2_DMAX_05_SIMLIK_dimer_7, C_3_DMAX_25_SIMLIK_dimer_20, RMSD: 3.89776179919e-15
C_2_DMAX_05_SIMLIK_dimer_8, C_2_DMAX_10_SIMLIK_dimer_14, RMSD: 2.63900388693e-15
C_2_DMAX_05_SIMLIK_dimer_8, C_2_DMAX_12_SIMLIK_dimer_18, RMSD: 2.63900388693e-15
C_2_DMAX_05_SIMLIK_dimer_8, C_2_DMAX_17_SIMLIK_dimer_25, RMSD: 2.63900388693e-15
C_2_DMAX_05_SIMLIK_dimer_8, C_2_DMAX_20_SIMLIK_dimer_35, RMSD: 2.63900388693e-15
C_2_DMAX_05_SIMLIK_dimer_8, C_2_DMAX_25_SIMLIK_dimer_69, RMSD: 2.63900388693e-15
C_2_DMAX_05_SIMLIK_dimer_8, C_3_DMAX_17_SIMLIK_dimer_9, RMSD: 2.63900388693e-15
C_2_DMAX_05_SIMLIK_dimer_8, C_3_DMAX_20_SIMLIK_dimer_11, RMSD: 2.63900388693e-15
C_2_DMAX_05_SIMLIK_dimer_8, C_3_DMAX_25_SIMLIK_dimer_21, RMSD: 2.63900388693e-15
C_2_DMAX_10_SIMLIK_dimer_13, C_2_DMAX_12_SIMLIK_dimer_17, RMSD: 3.89776179919e-15
C_2_DMAX_10_SIMLIK_dimer_13, C_2_DMAX_17_SIMLIK_dimer_24, RMSD: 3.89776179919e-15
C_2_DMAX_10_SIMLIK_dimer_13, C_2_DMAX_20_SIMLIK_dimer_34, RMSD: 3.89776179919e-15
C_2_DMAX_10_SIMLIK_dimer_13, C_2_DMAX_25_SIMLIK_dimer_68, RMSD: 3.89776179919e-15
C_2_DMAX_10_SIMLIK_dimer_13, C_3_DMAX_12_SIMLIK_dimer_2, RMSD: 3.89776179919e-15
C_2_DMAX_10_SIMLIK_dimer_13, C_3_DMAX_17_SIMLIK_dimer_8, RMSD: 3.89776179919e-15
C_2_DMAX_10_SIMLIK_dimer_13, C_3_DMAX_20_SIMLIK_dimer_10, RMSD: 3.89776179919e-15
C_2_DMAX_10_SIMLIK_dimer_13, C_3_DMAX_25_SIMLIK_dimer_20, RMSD: 3.89776179919e-15
C_2_DMAX_10_SIMLIK_dimer_14, C_2_DMAX_12_SIMLIK_dimer_18, RMSD: 2.63900388693e-15
C_2_DMAX_10_SIMLIK_dimer_14, C_2_DMAX_17_SIMLIK_dimer_25, RMSD: 2.63900388693e-15
C_2_DMAX_10_SIMLIK_dimer_14, C_2_DMAX_20_SIMLIK_dimer_35, RMSD: 2.63900388693e-15
C_2_DMAX_10_SIMLIK_dimer_14, C_2_DMAX_25_SIMLIK_dimer_69, RMSD: 2.63900388693e-15
C_2_DMAX_10_SIMLIK_dimer_14, C_3_DMAX_17_SIMLIK_dimer_9, RMSD: 2.63900388693e-15
C_2_DMAX_10_SIMLIK_dimer_14, C_3_DMAX_20_SIMLIK_dimer_11, RMSD: 2.63900388693e-15
C_2_DMAX_10_SIMLIK_dimer_14, C_3_DMAX_25_SIMLIK_dimer_21, RMSD: 2.63900388693e-15
C_2_DMAX_10_SIMLIK_dimer_40, C_2_DMAX_12_SIMLIK_dimer_51, RMSD: 4.09156850286e-15
C_2_DMAX_10_SIMLIK_dimer_40, C_2_DMAX_17_SIMLIK_dimer_72, RMSD: 4.09156850286e-15
C_2_DMAX_10_SIMLIK_dimer_40, C_2_DMAX_20_SIMLIK_dimer_99, RMSD: 4.09156850286e-15
C_2_DMAX_10_SIMLIK_dimer_40, C_2_DMAX_25_SIMLIK_dimer_153, RMSD: 4.09156850286e-15
C_2_DMAX_10_SIMLIK_dimer_40, C_3_DMAX_05_SIMLIK_dimer_1, RMSD: 4.09156850286e-15
C_2_DMAX_10_SIMLIK_dimer_40, C_3_DMAX_10_SIMLIK_dimer_5, RMSD: 4.09156850286e-15
C_2_DMAX_10_SIMLIK_dimer_40, C_3_DMAX_12_SIMLIK_dimer_7, RMSD: 4.09156850286e-15
C_2_DMAX_10_SIMLIK_dimer_40, C_3_DMAX_17_SIMLIK_dimer_25, RMSD: 4.09156850286e-15
C_2_DMAX_10_SIMLIK_dimer_40, C_3_DMAX_20_SIMLIK_dimer_36, RMSD: 4.09156850286e-15
C_2_DMAX_10_SIMLIK_dimer_40, C_3_DMAX_25_SIMLIK_dimer_62, RMSD: 4.09156850286e-15
C_2_DMAX_10_SIMLIK_dimer_93, C_2_DMAX_12_SIMLIK_dimer_124, RMSD: 4.9675114175e-15
C_2_DMAX_10_SIMLIK_dimer_93, C_2_DMAX_17_SIMLIK_dimer_191, RMSD: 4.9675114175e-15
C_2_DMAX_10_SIMLIK_dimer_93, C_2_DMAX_20_SIMLIK_dimer_261, RMSD: 4.9675114175e-15
C_2_DMAX_10_SIMLIK_dimer_93, C_2_DMAX_25_SIMLIK_dimer_404, RMSD: 4.9675114175e-15
C_2_DMAX_10_SIMLIK_dimer_93, C_3_DMAX_10_SIMLIK_dimer_12, RMSD: 4.9675114175e-15
C_2_DMAX_10_SIMLIK_dimer_93, C_3_DMAX_12_SIMLIK_dimer_17, RMSD: 4.9675114175e-15
C_2_DMAX_10_SIMLIK_dimer_93, C_3_DMAX_17_SIMLIK_dimer_58, RMSD: 4.9675114175e-15
C_2_DMAX_10_SIMLIK_dimer_93, C_3_DMAX_20_SIMLIK_dimer_82, RMSD: 4.9675114175e-15
C_2_DMAX_10_SIMLIK_dimer_93, C_3_DMAX_25_SIMLIK_dimer_159, RMSD: 4.9675114175e-15
C_2_DMAX_10_SIMLIK_dimer_94, C_2_DMAX_12_SIMLIK_dimer_125, RMSD: 4.00513150251e-15
C_2_DMAX_10_SIMLIK_dimer_94, C_2_DMAX_17_SIMLIK_dimer_192, RMSD: 4.00513150251e-15
C_2_DMAX_10_SIMLIK_dimer_94, C_2_DMAX_20_SIMLIK_dimer_262, RMSD: 4.00513150251e-15
C_2_DMAX_10_SIMLIK_dimer_94, C_2_DMAX_25_SIMLIK_dimer_405, RMSD: 4.00513150251e-15
C_2_DMAX_10_SIMLIK_dimer_94, C_3_DMAX_05_SIMLIK_dimer_3, RMSD: 4.00513150251e-15
C_2_DMAX_10_SIMLIK_dimer_94, C_3_DMAX_10_SIMLIK_dimer_13, RMSD: 4.00513150251e-15
C_2_DMAX_10_SIMLIK_dimer_94, C_3_DMAX_12_SIMLIK_dimer_18, RMSD: 4.00513150251e-15
C_2_DMAX_10_SIMLIK_dimer_94, C_3_DMAX_17_SIMLIK_dimer_59, RMSD: 4.00513150251e-15
C_2_DMAX_10_SIMLIK_dimer_94, C_3_DMAX_20_SIMLIK_dimer_83, RMSD: 4.00513150251e-15
C_2_DMAX_10_SIMLIK_dimer_94, C_3_DMAX_25_SIMLIK_dimer_160, RMSD: 4.00513150251e-15
C_2_DMAX_12_SIMLIK_dimer_124, C_2_DMAX_17_SIMLIK_dimer_191, RMSD: 4.9675114175e-15
C_2_DMAX_12_SIMLIK_dimer_124, C_2_DMAX_20_SIMLIK_dimer_261, RMSD: 4.9675114175e-15
C_2_DMAX_12_SIMLIK_dimer_124, C_2_DMAX_25_SIMLIK_dimer_404, RMSD: 4.9675114175e-15
C_2_DMAX_12_SIMLIK_dimer_124, C_3_DMAX_10_SIMLIK_dimer_12, RMSD: 4.9675114175e-15
C_2_DMAX_12_SIMLIK_dimer_124, C_3_DMAX_12_SIMLIK_dimer_17, RMSD: 4.9675114175e-15
C_2_DMAX_12_SIMLIK_dimer_124, C_3_DMAX_17_SIMLIK_dimer_58, RMSD: 4.9675114175e-15
C_2_DMAX_12_SIMLIK_dimer_124, C_3_DMAX_20_SIMLIK_dimer_82, RMSD: 4.9675114175e-15
C_2_DMAX_12_SIMLIK_dimer_124, C_3_DMAX_25_SIMLIK_dimer_159, RMSD: 4.9675114175e-15
C_2_DMAX_12_SIMLIK_dimer_125, C_2_DMAX_17_SIMLIK_dimer_192, RMSD: 4.00513150251e-15
C_2_DMAX_12_SIMLIK_dimer_125, C_2_DMAX_20_SIMLIK_dimer_262, RMSD: 4.00513150251e-15
C_2_DMAX_12_SIMLIK_dimer_125, C_2_DMAX_25_SIMLIK_dimer_405, RMSD: 4.00513150251e-15
C_2_DMAX_12_SIMLIK_dimer_125, C_3_DMAX_05_SIMLIK_dimer_3, RMSD: 4.00513150251e-15
C_2_DMAX_12_SIMLIK_dimer_125, C_3_DMAX_10_SIMLIK_dimer_13, RMSD: 4.00513150251e-15
C_2_DMAX_12_SIMLIK_dimer_125, C_3_DMAX_12_SIMLIK_dimer_18, RMSD: 4.00513150251e-15
C_2_DMAX_12_SIMLIK_dimer_125, C_3_DMAX_17_SIMLIK_dimer_59, RMSD: 4.00513150251e-15
C_2_DMAX_12_SIMLIK_dimer_125, C_3_DMAX_20_SIMLIK_dimer_83, RMSD: 4.00513150251e-15
C_2_DMAX_12_SIMLIK_dimer_125, C_3_DMAX_25_SIMLIK_dimer_160, RMSD: 4.00513150251e-15
C_2_DMAX_12_SIMLIK_dimer_17, C_2_DMAX_17_SIMLIK_dimer_24, RMSD: 3.89776179919e-15
C_2_DMAX_12_SIMLIK_dimer_17, C_2_DMAX_20_SIMLIK_dimer_34, RMSD: 3.89776179919e-15
C_2_DMAX_12_SIMLIK_dimer_17, C_2_DMAX_25_SIMLIK_dimer_68, RMSD: 3.89776179919e-15
C_2_DMAX_12_SIMLIK_dimer_17, C_3_DMAX_12_SIMLIK_dimer_2, RMSD: 3.89776179919e-15
C_2_DMAX_12_SIMLIK_dimer_17, C_3_DMAX_17_SIMLIK_dimer_8, RMSD: 3.89776179919e-15
C_2_DMAX_12_SIMLIK_dimer_17, C_3_DMAX_20_SIMLIK_dimer_10, RMSD: 3.89776179919e-15
C_2_DMAX_12_SIMLIK_dimer_17, C_3_DMAX_25_SIMLIK_dimer_20, RMSD: 3.89776179919e-15
C_2_DMAX_12_SIMLIK_dimer_18, C_2_DMAX_17_SIMLIK_dimer_25, RMSD: 2.63900388693e-15
C_2_DMAX_12_SIMLIK_dimer_18, C_2_DMAX_20_SIMLIK_dimer_35, RMSD: 2.63900388693e-15
C_2_DMAX_12_SIMLIK_dimer_18, C_2_DMAX_25_SIMLIK_dimer_69, RMSD: 2.63900388693e-15
C_2_DMAX_12_SIMLIK_dimer_18, C_3_DMAX_17_SIMLIK_dimer_9, RMSD: 2.63900388693e-15
C_2_DMAX_12_SIMLIK_dimer_18, C_3_DMAX_20_SIMLIK_dimer_11, RMSD: 2.63900388693e-15
C_2_DMAX_12_SIMLIK_dimer_18, C_3_DMAX_25_SIMLIK_dimer_21, RMSD: 2.63900388693e-15
C_2_DMAX_12_SIMLIK_dimer_51, C_2_DMAX_17_SIMLIK_dimer_72, RMSD: 4.09156850286e-15
C_2_DMAX_12_SIMLIK_dimer_51, C_2_DMAX_20_SIMLIK_dimer_99, RMSD: 4.09156850286e-15
C_2_DMAX_12_SIMLIK_dimer_51, C_2_DMAX_25_SIMLIK_dimer_153, RMSD: 4.09156850286e-15
C_2_DMAX_12_SIMLIK_dimer_51, C_3_DMAX_05_SIMLIK_dimer_1, RMSD: 4.09156850286e-15
C_2_DMAX_12_SIMLIK_dimer_51, C_3_DMAX_10_SIMLIK_dimer_5, RMSD: 4.09156850286e-15
C_2_DMAX_12_SIMLIK_dimer_51, C_3_DMAX_12_SIMLIK_dimer_7, RMSD: 4.09156850286e-15
C_2_DMAX_12_SIMLIK_dimer_51, C_3_DMAX_17_SIMLIK_dimer_25, RMSD: 4.09156850286e-15
C_2_DMAX_12_SIMLIK_dimer_51, C_3_DMAX_20_SIMLIK_dimer_36, RMSD: 4.09156850286e-15
C_2_DMAX_12_SIMLIK_dimer_51, C_3_DMAX_25_SIMLIK_dimer_62, RMSD: 4.09156850286e-15
C_2_DMAX_17_SIMLIK_dimer_191, C_2_DMAX_20_SIMLIK_dimer_261, RMSD: 4.9675114175e-15
C_2_DMAX_17_SIMLIK_dimer_191, C_2_DMAX_25_SIMLIK_dimer_404, RMSD: 4.9675114175e-15
C_2_DMAX_17_SIMLIK_dimer_191, C_3_DMAX_10_SIMLIK_dimer_12, RMSD: 4.9675114175e-15
C_2_DMAX_17_SIMLIK_dimer_191, C_3_DMAX_12_SIMLIK_dimer_17, RMSD: 4.9675114175e-15
C_2_DMAX_17_SIMLIK_dimer_191, C_3_DMAX_17_SIMLIK_dimer_58, RMSD: 4.9675114175e-15
C_2_DMAX_17_SIMLIK_dimer_191, C_3_DMAX_20_SIMLIK_dimer_82, RMSD: 4.9675114175e-15
C_2_DMAX_17_SIMLIK_dimer_191, C_3_DMAX_25_SIMLIK_dimer_159, RMSD: 4.9675114175e-15
C_2_DMAX_17_SIMLIK_dimer_192, C_2_DMAX_20_SIMLIK_dimer_262, RMSD: 4.00513150251e-15
C_2_DMAX_17_SIMLIK_dimer_192, C_2_DMAX_25_SIMLIK_dimer_405, RMSD: 4.00513150251e-15
C_2_DMAX_17_SIMLIK_dimer_192, C_3_DMAX_05_SIMLIK_dimer_3, RMSD: 4.00513150251e-15
C_2_DMAX_17_SIMLIK_dimer_192, C_3_DMAX_10_SIMLIK_dimer_13, RMSD: 4.00513150251e-15
C_2_DMAX_17_SIMLIK_dimer_192, C_3_DMAX_12_SIMLIK_dimer_18, RMSD: 4.00513150251e-15
C_2_DMAX_17_SIMLIK_dimer_192, C_3_DMAX_17_SIMLIK_dimer_59, RMSD: 4.00513150251e-15
C_2_DMAX_17_SIMLIK_dimer_192, C_3_DMAX_20_SIMLIK_dimer_83, RMSD: 4.00513150251e-15
C_2_DMAX_17_SIMLIK_dimer_192, C_3_DMAX_25_SIMLIK_dimer_160, RMSD: 4.00513150251e-15
C_2_DMAX_17_SIMLIK_dimer_24, C_2_DMAX_20_SIMLIK_dimer_34, RMSD: 3.89776179919e-15
C_2_DMAX_17_SIMLIK_dimer_24, C_2_DMAX_25_SIMLIK_dimer_68, RMSD: 3.89776179919e-15
C_2_DMAX_17_SIMLIK_dimer_24, C_3_DMAX_12_SIMLIK_dimer_2, RMSD: 3.89776179919e-15
C_2_DMAX_17_SIMLIK_dimer_24, C_3_DMAX_17_SIMLIK_dimer_8, RMSD: 3.89776179919e-15
C_2_DMAX_17_SIMLIK_dimer_24, C_3_DMAX_20_SIMLIK_dimer_10, RMSD: 3.89776179919e-15
C_2_DMAX_17_SIMLIK_dimer_24, C_3_DMAX_25_SIMLIK_dimer_20, RMSD: 3.89776179919e-15
C_2_DMAX_17_SIMLIK_dimer_25, C_2_DMAX_20_SIMLIK_dimer_35, RMSD: 2.63900388693e-15
C_2_DMAX_17_SIMLIK_dimer_25, C_2_DMAX_25_SIMLIK_dimer_69, RMSD: 2.63900388693e-15
C_2_DMAX_17_SIMLIK_dimer_25, C_3_DMAX_17_SIMLIK_dimer_9, RMSD: 2.63900388693e-15
C_2_DMAX_17_SIMLIK_dimer_25, C_3_DMAX_20_SIMLIK_dimer_11, RMSD: 2.63900388693e-15
C_2_DMAX_17_SIMLIK_dimer_25, C_3_DMAX_25_SIMLIK_dimer_21, RMSD: 2.63900388693e-15
C_2_DMAX_17_SIMLIK_dimer_72, C_2_DMAX_20_SIMLIK_dimer_99, RMSD: 4.09156850286e-15
C_2_DMAX_17_SIMLIK_dimer_72, C_2_DMAX_25_SIMLIK_dimer_153, RMSD: 4.09156850286e-15
C_2_DMAX_17_SIMLIK_dimer_72, C_3_DMAX_05_SIMLIK_dimer_1, RMSD: 4.09156850286e-15
C_2_DMAX_17_SIMLIK_dimer_72, C_3_DMAX_10_SIMLIK_dimer_5, RMSD: 4.09156850286e-15
C_2_DMAX_17_SIMLIK_dimer_72, C_3_DMAX_12_SIMLIK_dimer_7, RMSD: 4.09156850286e-15
C_2_DMAX_17_SIMLIK_dimer_72, C_3_DMAX_17_SIMLIK_dimer_25, RMSD: 4.09156850286e-15
C_2_DMAX_17_SIMLIK_dimer_72, C_3_DMAX_20_SIMLIK_dimer_36, RMSD: 4.09156850286e-15
C_2_DMAX_17_SIMLIK_dimer_72, C_3_DMAX_25_SIMLIK_dimer_62, RMSD: 4.09156850286e-15
C_2_DMAX_20_SIMLIK_dimer_261, C_2_DMAX_25_SIMLIK_dimer_404, RMSD: 4.9675114175e-15
C_2_DMAX_20_SIMLIK_dimer_261, C_3_DMAX_10_SIMLIK_dimer_12, RMSD: 4.9675114175e-15
C_2_DMAX_20_SIMLIK_dimer_261, C_3_DMAX_12_SIMLIK_dimer_17, RMSD: 4.9675114175e-15
C_2_DMAX_20_SIMLIK_dimer_261, C_3_DMAX_17_SIMLIK_dimer_58, RMSD: 4.9675114175e-15
C_2_DMAX_20_SIMLIK_dimer_261, C_3_DMAX_20_SIMLIK_dimer_82, RMSD: 4.9675114175e-15
C_2_DMAX_20_SIMLIK_dimer_261, C_3_DMAX_25_SIMLIK_dimer_159, RMSD: 4.9675114175e-15
C_2_DMAX_20_SIMLIK_dimer_262, C_2_DMAX_25_SIMLIK_dimer_405, RMSD: 4.00513150251e-15
C_2_DMAX_20_SIMLIK_dimer_262, C_3_DMAX_05_SIMLIK_dimer_3, RMSD: 4.00513150251e-15
C_2_DMAX_20_SIMLIK_dimer_262, C_3_DMAX_10_SIMLIK_dimer_13, RMSD: 4.00513150251e-15
C_2_DMAX_20_SIMLIK_dimer_262, C_3_DMAX_12_SIMLIK_dimer_18, RMSD: 4.00513150251e-15
C_2_DMAX_20_SIMLIK_dimer_262, C_3_DMAX_17_SIMLIK_dimer_59, RMSD: 4.00513150251e-15
C_2_DMAX_20_SIMLIK_dimer_262, C_3_DMAX_20_SIMLIK_dimer_83, RMSD: 4.00513150251e-15
C_2_DMAX_20_SIMLIK_dimer_262, C_3_DMAX_25_SIMLIK_dimer_160, RMSD: 4.00513150251e-15
C_2_DMAX_20_SIMLIK_dimer_34, C_2_DMAX_25_SIMLIK_dimer_68, RMSD: 3.89776179919e-15
C_2_DMAX_20_SIMLIK_dimer_34, C_3_DMAX_12_SIMLIK_dimer_2, RMSD: 3.89776179919e-15
C_2_DMAX_20_SIMLIK_dimer_34, C_3_DMAX_17_SIMLIK_dimer_8, RMSD: 3.89776179919e-15
C_2_DMAX_20_SIMLIK_dimer_34, C_3_DMAX_20_SIMLIK_dimer_10, RMSD: 3.89776179919e-15
C_2_DMAX_20_SIMLIK_dimer_34, C_3_DMAX_25_SIMLIK_dimer_20, RMSD: 3.89776179919e-15
C_2_DMAX_20_SIMLIK_dimer_35, C_2_DMAX_25_SIMLIK_dimer_69, RMSD: 2.63900388693e-15
C_2_DMAX_20_SIMLIK_dimer_35, C_3_DMAX_17_SIMLIK_dimer_9, RMSD: 2.63900388693e-15
C_2_DMAX_20_SIMLIK_dimer_35, C_3_DMAX_20_SIMLIK_dimer_11, RMSD: 2.63900388693e-15
C_2_DMAX_20_SIMLIK_dimer_35, C_3_DMAX_25_SIMLIK_dimer_21, RMSD: 2.63900388693e-15
C_2_DMAX_20_SIMLIK_dimer_99, C_2_DMAX_25_SIMLIK_dimer_153, RMSD: 4.09156850286e-15
C_2_DMAX_20_SIMLIK_dimer_99, C_3_DMAX_05_SIMLIK_dimer_1, RMSD: 4.09156850286e-15
C_2_DMAX_20_SIMLIK_dimer_99, C_3_DMAX_10_SIMLIK_dimer_5, RMSD: 4.09156850286e-15
C_2_DMAX_20_SIMLIK_dimer_99, C_3_DMAX_12_SIMLIK_dimer_7, RMSD: 4.09156850286e-15
C_2_DMAX_20_SIMLIK_dimer_99, C_3_DMAX_17_SIMLIK_dimer_25, RMSD: 4.09156850286e-15
C_2_DMAX_20_SIMLIK_dimer_99, C_3_DMAX_20_SIMLIK_dimer_36, RMSD: 4.09156850286e-15
C_2_DMAX_20_SIMLIK_dimer_99, C_3_DMAX_25_SIMLIK_dimer_62, RMSD: 4.09156850286e-15
C_2_DMAX_25_SIMLIK_dimer_153, C_3_DMAX_05_SIMLIK_dimer_1, RMSD: 4.09156850286e-15
C_2_DMAX_25_SIMLIK_dimer_153, C_3_DMAX_10_SIMLIK_dimer_5, RMSD: 4.09156850286e-15
C_2_DMAX_25_SIMLIK_dimer_153, C_3_DMAX_12_SIMLIK_dimer_7, RMSD: 4.09156850286e-15
C_2_DMAX_25_SIMLIK_dimer_153, C_3_DMAX_17_SIMLIK_dimer_25, RMSD: 4.09156850286e-15
C_2_DMAX_25_SIMLIK_dimer_153, C_3_DMAX_20_SIMLIK_dimer_36, RMSD: 4.09156850286e-15
C_2_DMAX_25_SIMLIK_dimer_153, C_3_DMAX_25_SIMLIK_dimer_62, RMSD: 4.09156850286e-15
C_2_DMAX_25_SIMLIK_dimer_404, C_3_DMAX_10_SIMLIK_dimer_12, RMSD: 4.9675114175e-15
C_2_DMAX_25_SIMLIK_dimer_404, C_3_DMAX_12_SIMLIK_dimer_17, RMSD: 4.9675114175e-15
C_2_DMAX_25_SIMLIK_dimer_404, C_3_DMAX_17_SIMLIK_dimer_58, RMSD: 4.9675114175e-15
C_2_DMAX_25_SIMLIK_dimer_404, C_3_DMAX_20_SIMLIK_dimer_82, RMSD: 4.9675114175e-15
C_2_DMAX_25_SIMLIK_dimer_404, C_3_DMAX_25_SIMLIK_dimer_159, RMSD: 4.9675114175e-15
C_2_DMAX_25_SIMLIK_dimer_405, C_3_DMAX_05_SIMLIK_dimer_3, RMSD: 4.00513150251e-15
C_2_DMAX_25_SIMLIK_dimer_405, C_3_DMAX_10_SIMLIK_dimer_13, RMSD: 4.00513150251e-15
C_2_DMAX_25_SIMLIK_dimer_405, C_3_DMAX_12_SIMLIK_dimer_18, RMSD: 4.00513150251e-15
C_2_DMAX_25_SIMLIK_dimer_405, C_3_DMAX_17_SIMLIK_dimer_59, RMSD: 4.00513150251e-15
C_2_DMAX_25_SIMLIK_dimer_405, C_3_DMAX_20_SIMLIK_dimer_83, RMSD: 4.00513150251e-15
C_2_DMAX_25_SIMLIK_dimer_405, C_3_DMAX_25_SIMLIK_dimer_160, RMSD: 4.00513150251e-15
C_2_DMAX_25_SIMLIK_dimer_68, C_3_DMAX_12_SIMLIK_dimer_2, RMSD: 3.89776179919e-15
C_2_DMAX_25_SIMLIK_dimer_68, C_3_DMAX_17_SIMLIK_dimer_8, RMSD: 3.89776179919e-15
C_2_DMAX_25_SIMLIK_dimer_68, C_3_DMAX_20_SIMLIK_dimer_10, RMSD: 3.89776179919e-15
C_2_DMAX_25_SIMLIK_dimer_68, C_3_DMAX_25_SIMLIK_dimer_20, RMSD: 3.89776179919e-15
C_2_DMAX_25_SIMLIK_dimer_69, C_3_DMAX_17_SIMLIK_dimer_9, RMSD: 2.63900388693e-15
C_2_DMAX_25_SIMLIK_dimer_69, C_3_DMAX_20_SIMLIK_dimer_11, RMSD: 2.63900388693e-15
C_2_DMAX_25_SIMLIK_dimer_69, C_3_DMAX_25_SIMLIK_dimer_21, RMSD: 2.63900388693e-15
C_3_DMAX_05_SIMLIK_dimer_1, C_3_DMAX_10_SIMLIK_dimer_5, RMSD: 4.09156850286e-15
C_3_DMAX_05_SIMLIK_dimer_1, C_3_DMAX_12_SIMLIK_dimer_7, RMSD: 4.09156850286e-15
C_3_DMAX_05_SIMLIK_dimer_1, C_3_DMAX_17_SIMLIK_dimer_25, RMSD: 4.09156850286e-15
C_3_DMAX_05_SIMLIK_dimer_1, C_3_DMAX_20_SIMLIK_dimer_36, RMSD: 4.09156850286e-15
C_3_DMAX_05_SIMLIK_dimer_1, C_3_DMAX_25_SIMLIK_dimer_62, RMSD: 4.09156850286e-15
C_3_DMAX_05_SIMLIK_dimer_3, C_3_DMAX_10_SIMLIK_dimer_13, RMSD: 4.00513150251e-15
C_3_DMAX_05_SIMLIK_dimer_3, C_3_DMAX_12_SIMLIK_dimer_18, RMSD: 4.00513150251e-15
C_3_DMAX_05_SIMLIK_dimer_3, C_3_DMAX_17_SIMLIK_dimer_59, RMSD: 4.00513150251e-15
C_3_DMAX_05_SIMLIK_dimer_3, C_3_DMAX_20_SIMLIK_dimer_83, RMSD: 4.00513150251e-15
C_3_DMAX_05_SIMLIK_dimer_3, C_3_DMAX_25_SIMLIK_dimer_160, RMSD: 4.00513150251e-15
C_3_DMAX_10_SIMLIK_dimer_12, C_3_DMAX_12_SIMLIK_dimer_17, RMSD: 4.9675114175e-15
C_3_DMAX_10_SIMLIK_dimer_12, C_3_DMAX_17_SIMLIK_dimer_58, RMSD: 4.9675114175e-15
C_3_DMAX_10_SIMLIK_dimer_12, C_3_DMAX_20_SIMLIK_dimer_82, RMSD: 4.9675114175e-15
C_3_DMAX_10_SIMLIK_dimer_12, C_3_DMAX_25_SIMLIK_dimer_159, RMSD: 4.9675114175e-15
C_3_DMAX_10_SIMLIK_dimer_13, C_3_DMAX_12_SIMLIK_dimer_18, RMSD: 4.00513150251e-15
C_3_DMAX_10_SIMLIK_dimer_13, C_3_DMAX_17_SIMLIK_dimer_59, RMSD: 4.00513150251e-15
C_3_DMAX_10_SIMLIK_dimer_13, C_3_DMAX_20_SIMLIK_dimer_83, RMSD: 4.00513150251e-15
C_3_DMAX_10_SIMLIK_dimer_13, C_3_DMAX_25_SIMLIK_dimer_160, RMSD: 4.00513150251e-15
C_3_DMAX_10_SIMLIK_dimer_5, C_3_DMAX_12_SIMLIK_dimer_7, RMSD: 4.09156850286e-15
C_3_DMAX_10_SIMLIK_dimer_5, C_3_DMAX_17_SIMLIK_dimer_25, RMSD: 4.09156850286e-15
C_3_DMAX_10_SIMLIK_dimer_5, C_3_DMAX_20_SIMLIK_dimer_36, RMSD: 4.09156850286e-15
C_3_DMAX_10_SIMLIK_dimer_5, C_3_DMAX_25_SIMLIK_dimer_62, RMSD: 4.09156850286e-15
C_3_DMAX_12_SIMLIK_dimer_17, C_3_DMAX_17_SIMLIK_dimer_58, RMSD: 4.9675114175e-15
C_3_DMAX_12_SIMLIK_dimer_17, C_3_DMAX_20_SIMLIK_dimer_82, RMSD: 4.9675114175e-15
C_3_DMAX_12_SIMLIK_dimer_17, C_3_DMAX_25_SIMLIK_dimer_159, RMSD: 4.9675114175e-15
C_3_DMAX_12_SIMLIK_dimer_18, C_3_DMAX_17_SIMLIK_dimer_59, RMSD: 4.00513150251e-15
C_3_DMAX_12_SIMLIK_dimer_18, C_3_DMAX_20_SIMLIK_dimer_83, RMSD: 4.00513150251e-15
C_3_DMAX_12_SIMLIK_dimer_18, C_3_DMAX_25_SIMLIK_dimer_160, RMSD: 4.00513150251e-15
C_3_DMAX_12_SIMLIK_dimer_2, C_3_DMAX_17_SIMLIK_dimer_8, RMSD: 3.89776179919e-15
C_3_DMAX_12_SIMLIK_dimer_2, C_3_DMAX_20_SIMLIK_dimer_10, RMSD: 3.89776179919e-15
C_3_DMAX_12_SIMLIK_dimer_2, C_3_DMAX_25_SIMLIK_dimer_20, RMSD: 3.89776179919e-15
C_3_DMAX_12_SIMLIK_dimer_7, C_3_DMAX_17_SIMLIK_dimer_25, RMSD: 4.09156850286e-15
C_3_DMAX_12_SIMLIK_dimer_7, C_3_DMAX_20_SIMLIK_dimer_36, RMSD: 4.09156850286e-15
C_3_DMAX_12_SIMLIK_dimer_7, C_3_DMAX_25_SIMLIK_dimer_62, RMSD: 4.09156850286e-15
C_3_DMAX_17_SIMLIK_dimer_25, C_3_DMAX_20_SIMLIK_dimer_36, RMSD: 4.09156850286e-15
C_3_DMAX_17_SIMLIK_dimer_25, C_3_DMAX_25_SIMLIK_dimer_62, RMSD: 4.09156850286e-15
C_3_DMAX_17_SIMLIK_dimer_58, C_3_DMAX_20_SIMLIK_dimer_82, RMSD: 4.9675114175e-15
C_3_DMAX_17_SIMLIK_dimer_58, C_3_DMAX_25_SIMLIK_dimer_159, RMSD: 4.9675114175e-15
C_3_DMAX_17_SIMLIK_dimer_59, C_3_DMAX_20_SIMLIK_dimer_83, RMSD: 4.00513150251e-15
C_3_DMAX_17_SIMLIK_dimer_59, C_3_DMAX_25_SIMLIK_dimer_160, RMSD: 4.00513150251e-15
C_3_DMAX_17_SIMLIK_dimer_8, C_3_DMAX_20_SIMLIK_dimer_10, RMSD: 3.89776179919e-15
C_3_DMAX_17_SIMLIK_dimer_8, C_3_DMAX_25_SIMLIK_dimer_20, RMSD: 3.89776179919e-15
C_3_DMAX_17_SIMLIK_dimer_9, C_3_DMAX_20_SIMLIK_dimer_11, RMSD: 2.63900388693e-15
C_3_DMAX_17_SIMLIK_dimer_9, C_3_DMAX_25_SIMLIK_dimer_21, RMSD: 2.63900388693e-15
C_3_DMAX_20_SIMLIK_dimer_10, C_3_DMAX_25_SIMLIK_dimer_20, RMSD: 3.89776179919e-15
C_3_DMAX_20_SIMLIK_dimer_11, C_3_DMAX_25_SIMLIK_dimer_21, RMSD: 2.63900388693e-15
C_3_DMAX_20_SIMLIK_dimer_36, C_3_DMAX_25_SIMLIK_dimer_62, RMSD: 4.09156850286e-15
C_3_DMAX_20_SIMLIK_dimer_82, C_3_DMAX_25_SIMLIK_dimer_159, RMSD: 4.9675114175e-15
C_3_DMAX_20_SIMLIK_dimer_83, C_3_DMAX_25_SIMLIK_dimer_160, RMSD: 4.00513150251e-15
