C_1_DMAX_05_ANTCEN_dimer_1, C_1_DMAX_10_ANTCEN_dimer_9,  RMSD: 1.04492769278e-15
C_1_DMAX_05_ANTCEN_dimer_1, C_1_DMAX_12_ANTCEN_dimer_10,  RMSD: 1.04492769278e-15
C_1_DMAX_05_ANTCEN_dimer_1, C_1_DMAX_15_ANTCEN_dimer_22,  RMSD: 1.04492769278e-15
C_1_DMAX_05_ANTCEN_dimer_1, C_1_DMAX_17_ANTCEN_dimer_32,  RMSD: 1.04492769278e-15
C_1_DMAX_05_ANTCEN_dimer_1, C_1_DMAX_20_ANTCEN_dimer_48,  RMSD: 1.04492769278e-15
C_1_DMAX_05_ANTCEN_dimer_1, C_1_DMAX_25_ANTCEN_dimer_93,  RMSD: 1.04492769278e-15
C_1_DMAX_05_ANTCEN_dimer_1, C_2_DMAX_00_ANTCEN_dimer_1,  RMSD: 1.04492769278e-15
C_1_DMAX_05_ANTCEN_dimer_1, C_2_DMAX_05_ANTCEN_dimer_9,  RMSD: 1.04492769278e-15
C_1_DMAX_05_ANTCEN_dimer_1, C_2_DMAX_10_ANTCEN_dimer_20,  RMSD: 1.04492769278e-15
C_1_DMAX_05_ANTCEN_dimer_1, C_2_DMAX_12_ANTCEN_dimer_29,  RMSD: 1.04492769278e-15
C_1_DMAX_05_ANTCEN_dimer_1, C_2_DMAX_15_ANTCEN_dimer_48,  RMSD: 1.04492769278e-15
C_1_DMAX_05_ANTCEN_dimer_1, C_2_DMAX_17_ANTCEN_dimer_61,  RMSD: 1.04492769278e-15
C_1_DMAX_05_ANTCEN_dimer_1, C_2_DMAX_20_ANTCEN_dimer_90,  RMSD: 1.04492769278e-15
C_1_DMAX_05_ANTCEN_dimer_1, C_2_DMAX_25_ANTCEN_dimer_152,  RMSD: 1.04492769278e-15
C_1_DMAX_05_ANTCEN_dimer_1, C_3_DMAX_05_ANTCEN_dimer_1,  RMSD: 1.04492769278e-15
C_1_DMAX_05_ANTCEN_dimer_1, C_3_DMAX_10_ANTCEN_dimer_9,  RMSD: 1.04492769278e-15
C_1_DMAX_05_ANTCEN_dimer_1, C_3_DMAX_12_ANTCEN_dimer_10,  RMSD: 1.04492769278e-15
C_1_DMAX_05_ANTCEN_dimer_1, C_3_DMAX_15_ANTCEN_dimer_22,  RMSD: 1.04492769278e-15
C_1_DMAX_05_ANTCEN_dimer_1, C_3_DMAX_17_ANTCEN_dimer_32,  RMSD: 1.04492769278e-15
C_1_DMAX_05_ANTCEN_dimer_1, C_3_DMAX_20_ANTCEN_dimer_48,  RMSD: 1.04492769278e-15
C_1_DMAX_05_ANTCEN_dimer_1, C_3_DMAX_25_ANTCEN_dimer_93,  RMSD: 1.04492769278e-15
C_1_DMAX_05_ANTCEN_dimer_3, C_1_DMAX_10_ANTCEN_dimer_31,  RMSD: 1.76750105816e-15
C_1_DMAX_05_ANTCEN_dimer_3, C_1_DMAX_12_ANTCEN_dimer_37,  RMSD: 1.76750105816e-15
C_1_DMAX_05_ANTCEN_dimer_3, C_1_DMAX_15_ANTCEN_dimer_72,  RMSD: 1.76750105816e-15
C_1_DMAX_05_ANTCEN_dimer_3, C_1_DMAX_17_ANTCEN_dimer_105,  RMSD: 1.76750105816e-15
C_1_DMAX_05_ANTCEN_dimer_3, C_1_DMAX_20_ANTCEN_dimer_154,  RMSD: 1.76750105816e-15
C_1_DMAX_05_ANTCEN_dimer_3, C_1_DMAX_25_ANTCEN_dimer_290,  RMSD: 1.76750105816e-15
C_1_DMAX_05_ANTCEN_dimer_3, C_2_DMAX_05_ANTCEN_dimer_30,  RMSD: 1.76750105816e-15
C_1_DMAX_05_ANTCEN_dimer_3, C_2_DMAX_10_ANTCEN_dimer_68,  RMSD: 1.76750105816e-15
C_1_DMAX_05_ANTCEN_dimer_3, C_2_DMAX_12_ANTCEN_dimer_98,  RMSD: 1.76750105816e-15
C_1_DMAX_05_ANTCEN_dimer_3, C_2_DMAX_15_ANTCEN_dimer_153,  RMSD: 1.76750105816e-15
C_1_DMAX_05_ANTCEN_dimer_3, C_2_DMAX_17_ANTCEN_dimer_195,  RMSD: 1.76750105816e-15
C_1_DMAX_05_ANTCEN_dimer_3, C_2_DMAX_20_ANTCEN_dimer_282,  RMSD: 1.76750105816e-15
C_1_DMAX_05_ANTCEN_dimer_3, C_2_DMAX_25_ANTCEN_dimer_466,  RMSD: 1.76750105816e-15
C_1_DMAX_05_ANTCEN_dimer_3, C_3_DMAX_05_ANTCEN_dimer_3,  RMSD: 1.76750105816e-15
C_1_DMAX_05_ANTCEN_dimer_3, C_3_DMAX_10_ANTCEN_dimer_31,  RMSD: 1.76750105816e-15
C_1_DMAX_05_ANTCEN_dimer_3, C_3_DMAX_12_ANTCEN_dimer_37,  RMSD: 1.76750105816e-15
C_1_DMAX_05_ANTCEN_dimer_3, C_3_DMAX_15_ANTCEN_dimer_72,  RMSD: 1.76750105816e-15
C_1_DMAX_05_ANTCEN_dimer_3, C_3_DMAX_17_ANTCEN_dimer_105,  RMSD: 1.76750105816e-15
C_1_DMAX_05_ANTCEN_dimer_3, C_3_DMAX_20_ANTCEN_dimer_154,  RMSD: 1.76750105816e-15
C_1_DMAX_05_ANTCEN_dimer_3, C_3_DMAX_25_ANTCEN_dimer_290,  RMSD: 1.76750105816e-15
C_1_DMAX_10_ANTCEN_dimer_24, C_1_DMAX_12_ANTCEN_dimer_27,  RMSD: 1.07580877903e-15
C_1_DMAX_10_ANTCEN_dimer_24, C_1_DMAX_15_ANTCEN_dimer_56,  RMSD: 1.07580877903e-15
C_1_DMAX_10_ANTCEN_dimer_24, C_1_DMAX_17_ANTCEN_dimer_86,  RMSD: 1.07580877903e-15
C_1_DMAX_10_ANTCEN_dimer_24, C_1_DMAX_20_ANTCEN_dimer_126,  RMSD: 1.07580877903e-15
C_1_DMAX_10_ANTCEN_dimer_24, C_1_DMAX_25_ANTCEN_dimer_248,  RMSD: 1.07580877903e-15
C_1_DMAX_10_ANTCEN_dimer_24, C_2_DMAX_05_ANTCEN_dimer_24,  RMSD: 1.07580877903e-15
C_1_DMAX_10_ANTCEN_dimer_24, C_2_DMAX_10_ANTCEN_dimer_52,  RMSD: 1.07580877903e-15
C_1_DMAX_10_ANTCEN_dimer_24, C_2_DMAX_12_ANTCEN_dimer_79,  RMSD: 1.07580877903e-15
C_1_DMAX_10_ANTCEN_dimer_24, C_2_DMAX_15_ANTCEN_dimer_126,  RMSD: 1.07580877903e-15
C_1_DMAX_10_ANTCEN_dimer_24, C_2_DMAX_17_ANTCEN_dimer_161,  RMSD: 1.07580877903e-15
C_1_DMAX_10_ANTCEN_dimer_24, C_2_DMAX_20_ANTCEN_dimer_241,  RMSD: 1.07580877903e-15
C_1_DMAX_10_ANTCEN_dimer_24, C_2_DMAX_25_ANTCEN_dimer_406,  RMSD: 1.07580877903e-15
C_1_DMAX_10_ANTCEN_dimer_24, C_3_DMAX_10_ANTCEN_dimer_24,  RMSD: 1.07580877903e-15
C_1_DMAX_10_ANTCEN_dimer_24, C_3_DMAX_12_ANTCEN_dimer_27,  RMSD: 1.07580877903e-15
C_1_DMAX_10_ANTCEN_dimer_24, C_3_DMAX_15_ANTCEN_dimer_56,  RMSD: 1.07580877903e-15
C_1_DMAX_10_ANTCEN_dimer_24, C_3_DMAX_17_ANTCEN_dimer_86,  RMSD: 1.07580877903e-15
C_1_DMAX_10_ANTCEN_dimer_24, C_3_DMAX_20_ANTCEN_dimer_126,  RMSD: 1.07580877903e-15
C_1_DMAX_10_ANTCEN_dimer_24, C_3_DMAX_25_ANTCEN_dimer_248,  RMSD: 1.07580877903e-15
C_1_DMAX_10_ANTCEN_dimer_31, C_1_DMAX_12_ANTCEN_dimer_37,  RMSD: 1.76750105816e-15
C_1_DMAX_10_ANTCEN_dimer_31, C_1_DMAX_15_ANTCEN_dimer_72,  RMSD: 1.76750105816e-15
C_1_DMAX_10_ANTCEN_dimer_31, C_1_DMAX_17_ANTCEN_dimer_105,  RMSD: 1.76750105816e-15
C_1_DMAX_10_ANTCEN_dimer_31, C_1_DMAX_20_ANTCEN_dimer_154,  RMSD: 1.76750105816e-15
C_1_DMAX_10_ANTCEN_dimer_31, C_1_DMAX_25_ANTCEN_dimer_290,  RMSD: 1.76750105816e-15
C_1_DMAX_10_ANTCEN_dimer_31, C_2_DMAX_05_ANTCEN_dimer_30,  RMSD: 1.76750105816e-15
C_1_DMAX_10_ANTCEN_dimer_31, C_2_DMAX_10_ANTCEN_dimer_68,  RMSD: 1.76750105816e-15
C_1_DMAX_10_ANTCEN_dimer_31, C_2_DMAX_12_ANTCEN_dimer_98,  RMSD: 1.76750105816e-15
C_1_DMAX_10_ANTCEN_dimer_31, C_2_DMAX_15_ANTCEN_dimer_153,  RMSD: 1.76750105816e-15
C_1_DMAX_10_ANTCEN_dimer_31, C_2_DMAX_17_ANTCEN_dimer_195,  RMSD: 1.76750105816e-15
C_1_DMAX_10_ANTCEN_dimer_31, C_2_DMAX_20_ANTCEN_dimer_282,  RMSD: 1.76750105816e-15
C_1_DMAX_10_ANTCEN_dimer_31, C_2_DMAX_25_ANTCEN_dimer_466,  RMSD: 1.76750105816e-15
C_1_DMAX_10_ANTCEN_dimer_31, C_3_DMAX_05_ANTCEN_dimer_3,  RMSD: 1.76750105816e-15
C_1_DMAX_10_ANTCEN_dimer_31, C_3_DMAX_10_ANTCEN_dimer_31,  RMSD: 1.76750105816e-15
C_1_DMAX_10_ANTCEN_dimer_31, C_3_DMAX_12_ANTCEN_dimer_37,  RMSD: 1.76750105816e-15
C_1_DMAX_10_ANTCEN_dimer_31, C_3_DMAX_15_ANTCEN_dimer_72,  RMSD: 1.76750105816e-15
C_1_DMAX_10_ANTCEN_dimer_31, C_3_DMAX_17_ANTCEN_dimer_105,  RMSD: 1.76750105816e-15
C_1_DMAX_10_ANTCEN_dimer_31, C_3_DMAX_20_ANTCEN_dimer_154,  RMSD: 1.76750105816e-15
C_1_DMAX_10_ANTCEN_dimer_31, C_3_DMAX_25_ANTCEN_dimer_290,  RMSD: 1.76750105816e-15
C_1_DMAX_10_ANTCEN_dimer_9, C_1_DMAX_12_ANTCEN_dimer_10,  RMSD: 1.04492769278e-15
C_1_DMAX_10_ANTCEN_dimer_9, C_1_DMAX_15_ANTCEN_dimer_22,  RMSD: 1.04492769278e-15
C_1_DMAX_10_ANTCEN_dimer_9, C_1_DMAX_17_ANTCEN_dimer_32,  RMSD: 1.04492769278e-15
C_1_DMAX_10_ANTCEN_dimer_9, C_1_DMAX_20_ANTCEN_dimer_48,  RMSD: 1.04492769278e-15
C_1_DMAX_10_ANTCEN_dimer_9, C_1_DMAX_25_ANTCEN_dimer_93,  RMSD: 1.04492769278e-15
C_1_DMAX_10_ANTCEN_dimer_9, C_2_DMAX_00_ANTCEN_dimer_1,  RMSD: 1.04492769278e-15
C_1_DMAX_10_ANTCEN_dimer_9, C_2_DMAX_05_ANTCEN_dimer_9,  RMSD: 1.04492769278e-15
C_1_DMAX_10_ANTCEN_dimer_9, C_2_DMAX_10_ANTCEN_dimer_20,  RMSD: 1.04492769278e-15
C_1_DMAX_10_ANTCEN_dimer_9, C_2_DMAX_12_ANTCEN_dimer_29,  RMSD: 1.04492769278e-15
C_1_DMAX_10_ANTCEN_dimer_9, C_2_DMAX_15_ANTCEN_dimer_48,  RMSD: 1.04492769278e-15
C_1_DMAX_10_ANTCEN_dimer_9, C_2_DMAX_17_ANTCEN_dimer_61,  RMSD: 1.04492769278e-15
C_1_DMAX_10_ANTCEN_dimer_9, C_2_DMAX_20_ANTCEN_dimer_90,  RMSD: 1.04492769278e-15
C_1_DMAX_10_ANTCEN_dimer_9, C_2_DMAX_25_ANTCEN_dimer_152,  RMSD: 1.04492769278e-15
C_1_DMAX_10_ANTCEN_dimer_9, C_3_DMAX_05_ANTCEN_dimer_1,  RMSD: 1.04492769278e-15
C_1_DMAX_10_ANTCEN_dimer_9, C_3_DMAX_10_ANTCEN_dimer_9,  RMSD: 1.04492769278e-15
C_1_DMAX_10_ANTCEN_dimer_9, C_3_DMAX_12_ANTCEN_dimer_10,  RMSD: 1.04492769278e-15
C_1_DMAX_10_ANTCEN_dimer_9, C_3_DMAX_15_ANTCEN_dimer_22,  RMSD: 1.04492769278e-15
C_1_DMAX_10_ANTCEN_dimer_9, C_3_DMAX_17_ANTCEN_dimer_32,  RMSD: 1.04492769278e-15
C_1_DMAX_10_ANTCEN_dimer_9, C_3_DMAX_20_ANTCEN_dimer_48,  RMSD: 1.04492769278e-15
C_1_DMAX_10_ANTCEN_dimer_9, C_3_DMAX_25_ANTCEN_dimer_93,  RMSD: 1.04492769278e-15
C_1_DMAX_12_ANTCEN_dimer_10, C_1_DMAX_15_ANTCEN_dimer_22,  RMSD: 1.04492769278e-15
C_1_DMAX_12_ANTCEN_dimer_10, C_1_DMAX_17_ANTCEN_dimer_32,  RMSD: 1.04492769278e-15
C_1_DMAX_12_ANTCEN_dimer_10, C_1_DMAX_20_ANTCEN_dimer_48,  RMSD: 1.04492769278e-15
C_1_DMAX_12_ANTCEN_dimer_10, C_1_DMAX_25_ANTCEN_dimer_93,  RMSD: 1.04492769278e-15
C_1_DMAX_12_ANTCEN_dimer_10, C_2_DMAX_00_ANTCEN_dimer_1,  RMSD: 1.04492769278e-15
C_1_DMAX_12_ANTCEN_dimer_10, C_2_DMAX_05_ANTCEN_dimer_9,  RMSD: 1.04492769278e-15
C_1_DMAX_12_ANTCEN_dimer_10, C_2_DMAX_10_ANTCEN_dimer_20,  RMSD: 1.04492769278e-15
C_1_DMAX_12_ANTCEN_dimer_10, C_2_DMAX_12_ANTCEN_dimer_29,  RMSD: 1.04492769278e-15
C_1_DMAX_12_ANTCEN_dimer_10, C_2_DMAX_15_ANTCEN_dimer_48,  RMSD: 1.04492769278e-15
C_1_DMAX_12_ANTCEN_dimer_10, C_2_DMAX_17_ANTCEN_dimer_61,  RMSD: 1.04492769278e-15
C_1_DMAX_12_ANTCEN_dimer_10, C_2_DMAX_20_ANTCEN_dimer_90,  RMSD: 1.04492769278e-15
C_1_DMAX_12_ANTCEN_dimer_10, C_2_DMAX_25_ANTCEN_dimer_152,  RMSD: 1.04492769278e-15
C_1_DMAX_12_ANTCEN_dimer_10, C_3_DMAX_05_ANTCEN_dimer_1,  RMSD: 1.04492769278e-15
C_1_DMAX_12_ANTCEN_dimer_10, C_3_DMAX_10_ANTCEN_dimer_9,  RMSD: 1.04492769278e-15
C_1_DMAX_12_ANTCEN_dimer_10, C_3_DMAX_12_ANTCEN_dimer_10,  RMSD: 1.04492769278e-15
C_1_DMAX_12_ANTCEN_dimer_10, C_3_DMAX_15_ANTCEN_dimer_22,  RMSD: 1.04492769278e-15
C_1_DMAX_12_ANTCEN_dimer_10, C_3_DMAX_17_ANTCEN_dimer_32,  RMSD: 1.04492769278e-15
C_1_DMAX_12_ANTCEN_dimer_10, C_3_DMAX_20_ANTCEN_dimer_48,  RMSD: 1.04492769278e-15
C_1_DMAX_12_ANTCEN_dimer_10, C_3_DMAX_25_ANTCEN_dimer_93,  RMSD: 1.04492769278e-15
C_1_DMAX_12_ANTCEN_dimer_27, C_1_DMAX_15_ANTCEN_dimer_56,  RMSD: 1.07580877903e-15
C_1_DMAX_12_ANTCEN_dimer_27, C_1_DMAX_17_ANTCEN_dimer_86,  RMSD: 1.07580877903e-15
C_1_DMAX_12_ANTCEN_dimer_27, C_1_DMAX_20_ANTCEN_dimer_126,  RMSD: 1.07580877903e-15
C_1_DMAX_12_ANTCEN_dimer_27, C_1_DMAX_25_ANTCEN_dimer_248,  RMSD: 1.07580877903e-15
C_1_DMAX_12_ANTCEN_dimer_27, C_2_DMAX_05_ANTCEN_dimer_24,  RMSD: 1.07580877903e-15
C_1_DMAX_12_ANTCEN_dimer_27, C_2_DMAX_10_ANTCEN_dimer_52,  RMSD: 1.07580877903e-15
C_1_DMAX_12_ANTCEN_dimer_27, C_2_DMAX_12_ANTCEN_dimer_79,  RMSD: 1.07580877903e-15
C_1_DMAX_12_ANTCEN_dimer_27, C_2_DMAX_15_ANTCEN_dimer_126,  RMSD: 1.07580877903e-15
C_1_DMAX_12_ANTCEN_dimer_27, C_2_DMAX_17_ANTCEN_dimer_161,  RMSD: 1.07580877903e-15
C_1_DMAX_12_ANTCEN_dimer_27, C_2_DMAX_20_ANTCEN_dimer_241,  RMSD: 1.07580877903e-15
C_1_DMAX_12_ANTCEN_dimer_27, C_2_DMAX_25_ANTCEN_dimer_406,  RMSD: 1.07580877903e-15
C_1_DMAX_12_ANTCEN_dimer_27, C_3_DMAX_10_ANTCEN_dimer_24,  RMSD: 1.07580877903e-15
C_1_DMAX_12_ANTCEN_dimer_27, C_3_DMAX_12_ANTCEN_dimer_27,  RMSD: 1.07580877903e-15
C_1_DMAX_12_ANTCEN_dimer_27, C_3_DMAX_15_ANTCEN_dimer_56,  RMSD: 1.07580877903e-15
C_1_DMAX_12_ANTCEN_dimer_27, C_3_DMAX_17_ANTCEN_dimer_86,  RMSD: 1.07580877903e-15
C_1_DMAX_12_ANTCEN_dimer_27, C_3_DMAX_20_ANTCEN_dimer_126,  RMSD: 1.07580877903e-15
C_1_DMAX_12_ANTCEN_dimer_27, C_3_DMAX_25_ANTCEN_dimer_248,  RMSD: 1.07580877903e-15
C_1_DMAX_12_ANTCEN_dimer_37, C_1_DMAX_15_ANTCEN_dimer_72,  RMSD: 1.76750105816e-15
C_1_DMAX_12_ANTCEN_dimer_37, C_1_DMAX_17_ANTCEN_dimer_105,  RMSD: 1.76750105816e-15
C_1_DMAX_12_ANTCEN_dimer_37, C_1_DMAX_20_ANTCEN_dimer_154,  RMSD: 1.76750105816e-15
C_1_DMAX_12_ANTCEN_dimer_37, C_1_DMAX_25_ANTCEN_dimer_290,  RMSD: 1.76750105816e-15
C_1_DMAX_12_ANTCEN_dimer_37, C_2_DMAX_05_ANTCEN_dimer_30,  RMSD: 1.76750105816e-15
C_1_DMAX_12_ANTCEN_dimer_37, C_2_DMAX_10_ANTCEN_dimer_68,  RMSD: 1.76750105816e-15
C_1_DMAX_12_ANTCEN_dimer_37, C_2_DMAX_12_ANTCEN_dimer_98,  RMSD: 1.76750105816e-15
C_1_DMAX_12_ANTCEN_dimer_37, C_2_DMAX_15_ANTCEN_dimer_153,  RMSD: 1.76750105816e-15
C_1_DMAX_12_ANTCEN_dimer_37, C_2_DMAX_17_ANTCEN_dimer_195,  RMSD: 1.76750105816e-15
C_1_DMAX_12_ANTCEN_dimer_37, C_2_DMAX_20_ANTCEN_dimer_282,  RMSD: 1.76750105816e-15
C_1_DMAX_12_ANTCEN_dimer_37, C_2_DMAX_25_ANTCEN_dimer_466,  RMSD: 1.76750105816e-15
C_1_DMAX_12_ANTCEN_dimer_37, C_3_DMAX_05_ANTCEN_dimer_3,  RMSD: 1.76750105816e-15
C_1_DMAX_12_ANTCEN_dimer_37, C_3_DMAX_10_ANTCEN_dimer_31,  RMSD: 1.76750105816e-15
C_1_DMAX_12_ANTCEN_dimer_37, C_3_DMAX_12_ANTCEN_dimer_37,  RMSD: 1.76750105816e-15
C_1_DMAX_12_ANTCEN_dimer_37, C_3_DMAX_15_ANTCEN_dimer_72,  RMSD: 1.76750105816e-15
C_1_DMAX_12_ANTCEN_dimer_37, C_3_DMAX_17_ANTCEN_dimer_105,  RMSD: 1.76750105816e-15
C_1_DMAX_12_ANTCEN_dimer_37, C_3_DMAX_20_ANTCEN_dimer_154,  RMSD: 1.76750105816e-15
C_1_DMAX_12_ANTCEN_dimer_37, C_3_DMAX_25_ANTCEN_dimer_290,  RMSD: 1.76750105816e-15
C_1_DMAX_15_ANTCEN_dimer_22, C_1_DMAX_17_ANTCEN_dimer_32,  RMSD: 1.04492769278e-15
C_1_DMAX_15_ANTCEN_dimer_22, C_1_DMAX_20_ANTCEN_dimer_48,  RMSD: 1.04492769278e-15
C_1_DMAX_15_ANTCEN_dimer_22, C_1_DMAX_25_ANTCEN_dimer_93,  RMSD: 1.04492769278e-15
C_1_DMAX_15_ANTCEN_dimer_22, C_2_DMAX_00_ANTCEN_dimer_1,  RMSD: 1.04492769278e-15
C_1_DMAX_15_ANTCEN_dimer_22, C_2_DMAX_05_ANTCEN_dimer_9,  RMSD: 1.04492769278e-15
C_1_DMAX_15_ANTCEN_dimer_22, C_2_DMAX_10_ANTCEN_dimer_20,  RMSD: 1.04492769278e-15
C_1_DMAX_15_ANTCEN_dimer_22, C_2_DMAX_12_ANTCEN_dimer_29,  RMSD: 1.04492769278e-15
C_1_DMAX_15_ANTCEN_dimer_22, C_2_DMAX_15_ANTCEN_dimer_48,  RMSD: 1.04492769278e-15
C_1_DMAX_15_ANTCEN_dimer_22, C_2_DMAX_17_ANTCEN_dimer_61,  RMSD: 1.04492769278e-15
C_1_DMAX_15_ANTCEN_dimer_22, C_2_DMAX_20_ANTCEN_dimer_90,  RMSD: 1.04492769278e-15
C_1_DMAX_15_ANTCEN_dimer_22, C_2_DMAX_25_ANTCEN_dimer_152,  RMSD: 1.04492769278e-15
C_1_DMAX_15_ANTCEN_dimer_22, C_3_DMAX_05_ANTCEN_dimer_1,  RMSD: 1.04492769278e-15
C_1_DMAX_15_ANTCEN_dimer_22, C_3_DMAX_10_ANTCEN_dimer_9,  RMSD: 1.04492769278e-15
C_1_DMAX_15_ANTCEN_dimer_22, C_3_DMAX_12_ANTCEN_dimer_10,  RMSD: 1.04492769278e-15
C_1_DMAX_15_ANTCEN_dimer_22, C_3_DMAX_15_ANTCEN_dimer_22,  RMSD: 1.04492769278e-15
C_1_DMAX_15_ANTCEN_dimer_22, C_3_DMAX_17_ANTCEN_dimer_32,  RMSD: 1.04492769278e-15
C_1_DMAX_15_ANTCEN_dimer_22, C_3_DMAX_20_ANTCEN_dimer_48,  RMSD: 1.04492769278e-15
C_1_DMAX_15_ANTCEN_dimer_22, C_3_DMAX_25_ANTCEN_dimer_93,  RMSD: 1.04492769278e-15
C_1_DMAX_15_ANTCEN_dimer_56, C_1_DMAX_17_ANTCEN_dimer_86,  RMSD: 1.07580877903e-15
C_1_DMAX_15_ANTCEN_dimer_56, C_1_DMAX_20_ANTCEN_dimer_126,  RMSD: 1.07580877903e-15
C_1_DMAX_15_ANTCEN_dimer_56, C_1_DMAX_25_ANTCEN_dimer_248,  RMSD: 1.07580877903e-15
C_1_DMAX_15_ANTCEN_dimer_56, C_2_DMAX_05_ANTCEN_dimer_24,  RMSD: 1.07580877903e-15
C_1_DMAX_15_ANTCEN_dimer_56, C_2_DMAX_10_ANTCEN_dimer_52,  RMSD: 1.07580877903e-15
C_1_DMAX_15_ANTCEN_dimer_56, C_2_DMAX_12_ANTCEN_dimer_79,  RMSD: 1.07580877903e-15
C_1_DMAX_15_ANTCEN_dimer_56, C_2_DMAX_15_ANTCEN_dimer_126,  RMSD: 1.07580877903e-15
C_1_DMAX_15_ANTCEN_dimer_56, C_2_DMAX_17_ANTCEN_dimer_161,  RMSD: 1.07580877903e-15
C_1_DMAX_15_ANTCEN_dimer_56, C_2_DMAX_20_ANTCEN_dimer_241,  RMSD: 1.07580877903e-15
C_1_DMAX_15_ANTCEN_dimer_56, C_2_DMAX_25_ANTCEN_dimer_406,  RMSD: 1.07580877903e-15
C_1_DMAX_15_ANTCEN_dimer_56, C_3_DMAX_10_ANTCEN_dimer_24,  RMSD: 1.07580877903e-15
C_1_DMAX_15_ANTCEN_dimer_56, C_3_DMAX_12_ANTCEN_dimer_27,  RMSD: 1.07580877903e-15
C_1_DMAX_15_ANTCEN_dimer_56, C_3_DMAX_15_ANTCEN_dimer_56,  RMSD: 1.07580877903e-15
C_1_DMAX_15_ANTCEN_dimer_56, C_3_DMAX_17_ANTCEN_dimer_86,  RMSD: 1.07580877903e-15
C_1_DMAX_15_ANTCEN_dimer_56, C_3_DMAX_20_ANTCEN_dimer_126,  RMSD: 1.07580877903e-15
C_1_DMAX_15_ANTCEN_dimer_56, C_3_DMAX_25_ANTCEN_dimer_248,  RMSD: 1.07580877903e-15
C_1_DMAX_15_ANTCEN_dimer_72, C_1_DMAX_17_ANTCEN_dimer_105,  RMSD: 1.76750105816e-15
C_1_DMAX_15_ANTCEN_dimer_72, C_1_DMAX_20_ANTCEN_dimer_154,  RMSD: 1.76750105816e-15
C_1_DMAX_15_ANTCEN_dimer_72, C_1_DMAX_25_ANTCEN_dimer_290,  RMSD: 1.76750105816e-15
C_1_DMAX_15_ANTCEN_dimer_72, C_2_DMAX_05_ANTCEN_dimer_30,  RMSD: 1.76750105816e-15
C_1_DMAX_15_ANTCEN_dimer_72, C_2_DMAX_10_ANTCEN_dimer_68,  RMSD: 1.76750105816e-15
C_1_DMAX_15_ANTCEN_dimer_72, C_2_DMAX_12_ANTCEN_dimer_98,  RMSD: 1.76750105816e-15
C_1_DMAX_15_ANTCEN_dimer_72, C_2_DMAX_15_ANTCEN_dimer_153,  RMSD: 1.76750105816e-15
C_1_DMAX_15_ANTCEN_dimer_72, C_2_DMAX_17_ANTCEN_dimer_195,  RMSD: 1.76750105816e-15
C_1_DMAX_15_ANTCEN_dimer_72, C_2_DMAX_20_ANTCEN_dimer_282,  RMSD: 1.76750105816e-15
C_1_DMAX_15_ANTCEN_dimer_72, C_2_DMAX_25_ANTCEN_dimer_466,  RMSD: 1.76750105816e-15
C_1_DMAX_15_ANTCEN_dimer_72, C_3_DMAX_05_ANTCEN_dimer_3,  RMSD: 1.76750105816e-15
C_1_DMAX_15_ANTCEN_dimer_72, C_3_DMAX_10_ANTCEN_dimer_31,  RMSD: 1.76750105816e-15
C_1_DMAX_15_ANTCEN_dimer_72, C_3_DMAX_12_ANTCEN_dimer_37,  RMSD: 1.76750105816e-15
C_1_DMAX_15_ANTCEN_dimer_72, C_3_DMAX_15_ANTCEN_dimer_72,  RMSD: 1.76750105816e-15
C_1_DMAX_15_ANTCEN_dimer_72, C_3_DMAX_17_ANTCEN_dimer_105,  RMSD: 1.76750105816e-15
C_1_DMAX_15_ANTCEN_dimer_72, C_3_DMAX_20_ANTCEN_dimer_154,  RMSD: 1.76750105816e-15
C_1_DMAX_15_ANTCEN_dimer_72, C_3_DMAX_25_ANTCEN_dimer_290,  RMSD: 1.76750105816e-15
C_1_DMAX_17_ANTCEN_dimer_105, C_1_DMAX_20_ANTCEN_dimer_154,  RMSD: 1.76750105816e-15
C_1_DMAX_17_ANTCEN_dimer_105, C_1_DMAX_25_ANTCEN_dimer_290,  RMSD: 1.76750105816e-15
C_1_DMAX_17_ANTCEN_dimer_105, C_2_DMAX_05_ANTCEN_dimer_30,  RMSD: 1.76750105816e-15
C_1_DMAX_17_ANTCEN_dimer_105, C_2_DMAX_10_ANTCEN_dimer_68,  RMSD: 1.76750105816e-15
C_1_DMAX_17_ANTCEN_dimer_105, C_2_DMAX_12_ANTCEN_dimer_98,  RMSD: 1.76750105816e-15
C_1_DMAX_17_ANTCEN_dimer_105, C_2_DMAX_15_ANTCEN_dimer_153,  RMSD: 1.76750105816e-15
C_1_DMAX_17_ANTCEN_dimer_105, C_2_DMAX_17_ANTCEN_dimer_195,  RMSD: 1.76750105816e-15
C_1_DMAX_17_ANTCEN_dimer_105, C_2_DMAX_20_ANTCEN_dimer_282,  RMSD: 1.76750105816e-15
C_1_DMAX_17_ANTCEN_dimer_105, C_2_DMAX_25_ANTCEN_dimer_466,  RMSD: 1.76750105816e-15
C_1_DMAX_17_ANTCEN_dimer_105, C_3_DMAX_05_ANTCEN_dimer_3,  RMSD: 1.76750105816e-15
C_1_DMAX_17_ANTCEN_dimer_105, C_3_DMAX_10_ANTCEN_dimer_31,  RMSD: 1.76750105816e-15
C_1_DMAX_17_ANTCEN_dimer_105, C_3_DMAX_12_ANTCEN_dimer_37,  RMSD: 1.76750105816e-15
C_1_DMAX_17_ANTCEN_dimer_105, C_3_DMAX_15_ANTCEN_dimer_72,  RMSD: 1.76750105816e-15
C_1_DMAX_17_ANTCEN_dimer_105, C_3_DMAX_17_ANTCEN_dimer_105,  RMSD: 1.76750105816e-15
C_1_DMAX_17_ANTCEN_dimer_105, C_3_DMAX_20_ANTCEN_dimer_154,  RMSD: 1.76750105816e-15
C_1_DMAX_17_ANTCEN_dimer_105, C_3_DMAX_25_ANTCEN_dimer_290,  RMSD: 1.76750105816e-15
C_1_DMAX_17_ANTCEN_dimer_32, C_1_DMAX_20_ANTCEN_dimer_48,  RMSD: 1.04492769278e-15
C_1_DMAX_17_ANTCEN_dimer_32, C_1_DMAX_25_ANTCEN_dimer_93,  RMSD: 1.04492769278e-15
C_1_DMAX_17_ANTCEN_dimer_32, C_2_DMAX_00_ANTCEN_dimer_1,  RMSD: 1.04492769278e-15
C_1_DMAX_17_ANTCEN_dimer_32, C_2_DMAX_05_ANTCEN_dimer_9,  RMSD: 1.04492769278e-15
C_1_DMAX_17_ANTCEN_dimer_32, C_2_DMAX_10_ANTCEN_dimer_20,  RMSD: 1.04492769278e-15
C_1_DMAX_17_ANTCEN_dimer_32, C_2_DMAX_12_ANTCEN_dimer_29,  RMSD: 1.04492769278e-15
C_1_DMAX_17_ANTCEN_dimer_32, C_2_DMAX_15_ANTCEN_dimer_48,  RMSD: 1.04492769278e-15
C_1_DMAX_17_ANTCEN_dimer_32, C_2_DMAX_17_ANTCEN_dimer_61,  RMSD: 1.04492769278e-15
C_1_DMAX_17_ANTCEN_dimer_32, C_2_DMAX_20_ANTCEN_dimer_90,  RMSD: 1.04492769278e-15
C_1_DMAX_17_ANTCEN_dimer_32, C_2_DMAX_25_ANTCEN_dimer_152,  RMSD: 1.04492769278e-15
C_1_DMAX_17_ANTCEN_dimer_32, C_3_DMAX_05_ANTCEN_dimer_1,  RMSD: 1.04492769278e-15
C_1_DMAX_17_ANTCEN_dimer_32, C_3_DMAX_10_ANTCEN_dimer_9,  RMSD: 1.04492769278e-15
C_1_DMAX_17_ANTCEN_dimer_32, C_3_DMAX_12_ANTCEN_dimer_10,  RMSD: 1.04492769278e-15
C_1_DMAX_17_ANTCEN_dimer_32, C_3_DMAX_15_ANTCEN_dimer_22,  RMSD: 1.04492769278e-15
C_1_DMAX_17_ANTCEN_dimer_32, C_3_DMAX_17_ANTCEN_dimer_32,  RMSD: 1.04492769278e-15
C_1_DMAX_17_ANTCEN_dimer_32, C_3_DMAX_20_ANTCEN_dimer_48,  RMSD: 1.04492769278e-15
C_1_DMAX_17_ANTCEN_dimer_32, C_3_DMAX_25_ANTCEN_dimer_93,  RMSD: 1.04492769278e-15
C_1_DMAX_17_ANTCEN_dimer_86, C_1_DMAX_20_ANTCEN_dimer_126,  RMSD: 1.07580877903e-15
C_1_DMAX_17_ANTCEN_dimer_86, C_1_DMAX_25_ANTCEN_dimer_248,  RMSD: 1.07580877903e-15
C_1_DMAX_17_ANTCEN_dimer_86, C_2_DMAX_05_ANTCEN_dimer_24,  RMSD: 1.07580877903e-15
C_1_DMAX_17_ANTCEN_dimer_86, C_2_DMAX_10_ANTCEN_dimer_52,  RMSD: 1.07580877903e-15
C_1_DMAX_17_ANTCEN_dimer_86, C_2_DMAX_12_ANTCEN_dimer_79,  RMSD: 1.07580877903e-15
C_1_DMAX_17_ANTCEN_dimer_86, C_2_DMAX_15_ANTCEN_dimer_126,  RMSD: 1.07580877903e-15
C_1_DMAX_17_ANTCEN_dimer_86, C_2_DMAX_17_ANTCEN_dimer_161,  RMSD: 1.07580877903e-15
C_1_DMAX_17_ANTCEN_dimer_86, C_2_DMAX_20_ANTCEN_dimer_241,  RMSD: 1.07580877903e-15
C_1_DMAX_17_ANTCEN_dimer_86, C_2_DMAX_25_ANTCEN_dimer_406,  RMSD: 1.07580877903e-15
C_1_DMAX_17_ANTCEN_dimer_86, C_3_DMAX_10_ANTCEN_dimer_24,  RMSD: 1.07580877903e-15
C_1_DMAX_17_ANTCEN_dimer_86, C_3_DMAX_12_ANTCEN_dimer_27,  RMSD: 1.07580877903e-15
C_1_DMAX_17_ANTCEN_dimer_86, C_3_DMAX_15_ANTCEN_dimer_56,  RMSD: 1.07580877903e-15
C_1_DMAX_17_ANTCEN_dimer_86, C_3_DMAX_17_ANTCEN_dimer_86,  RMSD: 1.07580877903e-15
C_1_DMAX_17_ANTCEN_dimer_86, C_3_DMAX_20_ANTCEN_dimer_126,  RMSD: 1.07580877903e-15
C_1_DMAX_17_ANTCEN_dimer_86, C_3_DMAX_25_ANTCEN_dimer_248,  RMSD: 1.07580877903e-15
C_1_DMAX_20_ANTCEN_dimer_126, C_1_DMAX_25_ANTCEN_dimer_248,  RMSD: 1.07580877903e-15
C_1_DMAX_20_ANTCEN_dimer_126, C_2_DMAX_05_ANTCEN_dimer_24,  RMSD: 1.07580877903e-15
C_1_DMAX_20_ANTCEN_dimer_126, C_2_DMAX_10_ANTCEN_dimer_52,  RMSD: 1.07580877903e-15
C_1_DMAX_20_ANTCEN_dimer_126, C_2_DMAX_12_ANTCEN_dimer_79,  RMSD: 1.07580877903e-15
C_1_DMAX_20_ANTCEN_dimer_126, C_2_DMAX_15_ANTCEN_dimer_126,  RMSD: 1.07580877903e-15
C_1_DMAX_20_ANTCEN_dimer_126, C_2_DMAX_17_ANTCEN_dimer_161,  RMSD: 1.07580877903e-15
C_1_DMAX_20_ANTCEN_dimer_126, C_2_DMAX_20_ANTCEN_dimer_241,  RMSD: 1.07580877903e-15
C_1_DMAX_20_ANTCEN_dimer_126, C_2_DMAX_25_ANTCEN_dimer_406,  RMSD: 1.07580877903e-15
C_1_DMAX_20_ANTCEN_dimer_126, C_3_DMAX_10_ANTCEN_dimer_24,  RMSD: 1.07580877903e-15
C_1_DMAX_20_ANTCEN_dimer_126, C_3_DMAX_12_ANTCEN_dimer_27,  RMSD: 1.07580877903e-15
C_1_DMAX_20_ANTCEN_dimer_126, C_3_DMAX_15_ANTCEN_dimer_56,  RMSD: 1.07580877903e-15
C_1_DMAX_20_ANTCEN_dimer_126, C_3_DMAX_17_ANTCEN_dimer_86,  RMSD: 1.07580877903e-15
C_1_DMAX_20_ANTCEN_dimer_126, C_3_DMAX_20_ANTCEN_dimer_126,  RMSD: 1.07580877903e-15
C_1_DMAX_20_ANTCEN_dimer_126, C_3_DMAX_25_ANTCEN_dimer_248,  RMSD: 1.07580877903e-15
C_1_DMAX_20_ANTCEN_dimer_154, C_1_DMAX_25_ANTCEN_dimer_290,  RMSD: 1.76750105816e-15
C_1_DMAX_20_ANTCEN_dimer_154, C_2_DMAX_05_ANTCEN_dimer_30,  RMSD: 1.76750105816e-15
C_1_DMAX_20_ANTCEN_dimer_154, C_2_DMAX_10_ANTCEN_dimer_68,  RMSD: 1.76750105816e-15
C_1_DMAX_20_ANTCEN_dimer_154, C_2_DMAX_12_ANTCEN_dimer_98,  RMSD: 1.76750105816e-15
C_1_DMAX_20_ANTCEN_dimer_154, C_2_DMAX_15_ANTCEN_dimer_153,  RMSD: 1.76750105816e-15
C_1_DMAX_20_ANTCEN_dimer_154, C_2_DMAX_17_ANTCEN_dimer_195,  RMSD: 1.76750105816e-15
C_1_DMAX_20_ANTCEN_dimer_154, C_2_DMAX_20_ANTCEN_dimer_282,  RMSD: 1.76750105816e-15
C_1_DMAX_20_ANTCEN_dimer_154, C_2_DMAX_25_ANTCEN_dimer_466,  RMSD: 1.76750105816e-15
C_1_DMAX_20_ANTCEN_dimer_154, C_3_DMAX_05_ANTCEN_dimer_3,  RMSD: 1.76750105816e-15
C_1_DMAX_20_ANTCEN_dimer_154, C_3_DMAX_10_ANTCEN_dimer_31,  RMSD: 1.76750105816e-15
C_1_DMAX_20_ANTCEN_dimer_154, C_3_DMAX_12_ANTCEN_dimer_37,  RMSD: 1.76750105816e-15
C_1_DMAX_20_ANTCEN_dimer_154, C_3_DMAX_15_ANTCEN_dimer_72,  RMSD: 1.76750105816e-15
C_1_DMAX_20_ANTCEN_dimer_154, C_3_DMAX_17_ANTCEN_dimer_105,  RMSD: 1.76750105816e-15
C_1_DMAX_20_ANTCEN_dimer_154, C_3_DMAX_20_ANTCEN_dimer_154,  RMSD: 1.76750105816e-15
C_1_DMAX_20_ANTCEN_dimer_154, C_3_DMAX_25_ANTCEN_dimer_290,  RMSD: 1.76750105816e-15
C_1_DMAX_20_ANTCEN_dimer_48, C_1_DMAX_25_ANTCEN_dimer_93,  RMSD: 1.04492769278e-15
C_1_DMAX_20_ANTCEN_dimer_48, C_2_DMAX_00_ANTCEN_dimer_1,  RMSD: 1.04492769278e-15
C_1_DMAX_20_ANTCEN_dimer_48, C_2_DMAX_05_ANTCEN_dimer_9,  RMSD: 1.04492769278e-15
C_1_DMAX_20_ANTCEN_dimer_48, C_2_DMAX_10_ANTCEN_dimer_20,  RMSD: 1.04492769278e-15
C_1_DMAX_20_ANTCEN_dimer_48, C_2_DMAX_12_ANTCEN_dimer_29,  RMSD: 1.04492769278e-15
C_1_DMAX_20_ANTCEN_dimer_48, C_2_DMAX_15_ANTCEN_dimer_48,  RMSD: 1.04492769278e-15
C_1_DMAX_20_ANTCEN_dimer_48, C_2_DMAX_17_ANTCEN_dimer_61,  RMSD: 1.04492769278e-15
C_1_DMAX_20_ANTCEN_dimer_48, C_2_DMAX_20_ANTCEN_dimer_90,  RMSD: 1.04492769278e-15
C_1_DMAX_20_ANTCEN_dimer_48, C_2_DMAX_25_ANTCEN_dimer_152,  RMSD: 1.04492769278e-15
C_1_DMAX_20_ANTCEN_dimer_48, C_3_DMAX_05_ANTCEN_dimer_1,  RMSD: 1.04492769278e-15
C_1_DMAX_20_ANTCEN_dimer_48, C_3_DMAX_10_ANTCEN_dimer_9,  RMSD: 1.04492769278e-15
C_1_DMAX_20_ANTCEN_dimer_48, C_3_DMAX_12_ANTCEN_dimer_10,  RMSD: 1.04492769278e-15
C_1_DMAX_20_ANTCEN_dimer_48, C_3_DMAX_15_ANTCEN_dimer_22,  RMSD: 1.04492769278e-15
C_1_DMAX_20_ANTCEN_dimer_48, C_3_DMAX_17_ANTCEN_dimer_32,  RMSD: 1.04492769278e-15
C_1_DMAX_20_ANTCEN_dimer_48, C_3_DMAX_20_ANTCEN_dimer_48,  RMSD: 1.04492769278e-15
C_1_DMAX_20_ANTCEN_dimer_48, C_3_DMAX_25_ANTCEN_dimer_93,  RMSD: 1.04492769278e-15
C_1_DMAX_25_ANTCEN_dimer_248, C_2_DMAX_05_ANTCEN_dimer_24,  RMSD: 1.07580877903e-15
C_1_DMAX_25_ANTCEN_dimer_248, C_2_DMAX_10_ANTCEN_dimer_52,  RMSD: 1.07580877903e-15
C_1_DMAX_25_ANTCEN_dimer_248, C_2_DMAX_12_ANTCEN_dimer_79,  RMSD: 1.07580877903e-15
C_1_DMAX_25_ANTCEN_dimer_248, C_2_DMAX_15_ANTCEN_dimer_126,  RMSD: 1.07580877903e-15
C_1_DMAX_25_ANTCEN_dimer_248, C_2_DMAX_17_ANTCEN_dimer_161,  RMSD: 1.07580877903e-15
C_1_DMAX_25_ANTCEN_dimer_248, C_2_DMAX_20_ANTCEN_dimer_241,  RMSD: 1.07580877903e-15
C_1_DMAX_25_ANTCEN_dimer_248, C_2_DMAX_25_ANTCEN_dimer_406,  RMSD: 1.07580877903e-15
C_1_DMAX_25_ANTCEN_dimer_248, C_3_DMAX_10_ANTCEN_dimer_24,  RMSD: 1.07580877903e-15
C_1_DMAX_25_ANTCEN_dimer_248, C_3_DMAX_12_ANTCEN_dimer_27,  RMSD: 1.07580877903e-15
C_1_DMAX_25_ANTCEN_dimer_248, C_3_DMAX_15_ANTCEN_dimer_56,  RMSD: 1.07580877903e-15
C_1_DMAX_25_ANTCEN_dimer_248, C_3_DMAX_17_ANTCEN_dimer_86,  RMSD: 1.07580877903e-15
C_1_DMAX_25_ANTCEN_dimer_248, C_3_DMAX_20_ANTCEN_dimer_126,  RMSD: 1.07580877903e-15
C_1_DMAX_25_ANTCEN_dimer_248, C_3_DMAX_25_ANTCEN_dimer_248,  RMSD: 1.07580877903e-15
C_1_DMAX_25_ANTCEN_dimer_290, C_2_DMAX_05_ANTCEN_dimer_30,  RMSD: 1.76750105816e-15
C_1_DMAX_25_ANTCEN_dimer_290, C_2_DMAX_10_ANTCEN_dimer_68,  RMSD: 1.76750105816e-15
C_1_DMAX_25_ANTCEN_dimer_290, C_2_DMAX_12_ANTCEN_dimer_98,  RMSD: 1.76750105816e-15
C_1_DMAX_25_ANTCEN_dimer_290, C_2_DMAX_15_ANTCEN_dimer_153,  RMSD: 1.76750105816e-15
C_1_DMAX_25_ANTCEN_dimer_290, C_2_DMAX_17_ANTCEN_dimer_195,  RMSD: 1.76750105816e-15
C_1_DMAX_25_ANTCEN_dimer_290, C_2_DMAX_20_ANTCEN_dimer_282,  RMSD: 1.76750105816e-15
C_1_DMAX_25_ANTCEN_dimer_290, C_2_DMAX_25_ANTCEN_dimer_466,  RMSD: 1.76750105816e-15
C_1_DMAX_25_ANTCEN_dimer_290, C_3_DMAX_05_ANTCEN_dimer_3,  RMSD: 1.76750105816e-15
C_1_DMAX_25_ANTCEN_dimer_290, C_3_DMAX_10_ANTCEN_dimer_31,  RMSD: 1.76750105816e-15
C_1_DMAX_25_ANTCEN_dimer_290, C_3_DMAX_12_ANTCEN_dimer_37,  RMSD: 1.76750105816e-15
C_1_DMAX_25_ANTCEN_dimer_290, C_3_DMAX_15_ANTCEN_dimer_72,  RMSD: 1.76750105816e-15
C_1_DMAX_25_ANTCEN_dimer_290, C_3_DMAX_17_ANTCEN_dimer_105,  RMSD: 1.76750105816e-15
C_1_DMAX_25_ANTCEN_dimer_290, C_3_DMAX_20_ANTCEN_dimer_154,  RMSD: 1.76750105816e-15
C_1_DMAX_25_ANTCEN_dimer_290, C_3_DMAX_25_ANTCEN_dimer_290,  RMSD: 1.76750105816e-15
C_1_DMAX_25_ANTCEN_dimer_93, C_2_DMAX_00_ANTCEN_dimer_1,  RMSD: 1.04492769278e-15
C_1_DMAX_25_ANTCEN_dimer_93, C_2_DMAX_05_ANTCEN_dimer_9,  RMSD: 1.04492769278e-15
C_1_DMAX_25_ANTCEN_dimer_93, C_2_DMAX_10_ANTCEN_dimer_20,  RMSD: 1.04492769278e-15
C_1_DMAX_25_ANTCEN_dimer_93, C_2_DMAX_12_ANTCEN_dimer_29,  RMSD: 1.04492769278e-15
C_1_DMAX_25_ANTCEN_dimer_93, C_2_DMAX_15_ANTCEN_dimer_48,  RMSD: 1.04492769278e-15
C_1_DMAX_25_ANTCEN_dimer_93, C_2_DMAX_17_ANTCEN_dimer_61,  RMSD: 1.04492769278e-15
C_1_DMAX_25_ANTCEN_dimer_93, C_2_DMAX_20_ANTCEN_dimer_90,  RMSD: 1.04492769278e-15
C_1_DMAX_25_ANTCEN_dimer_93, C_2_DMAX_25_ANTCEN_dimer_152,  RMSD: 1.04492769278e-15
C_1_DMAX_25_ANTCEN_dimer_93, C_3_DMAX_05_ANTCEN_dimer_1,  RMSD: 1.04492769278e-15
C_1_DMAX_25_ANTCEN_dimer_93, C_3_DMAX_10_ANTCEN_dimer_9,  RMSD: 1.04492769278e-15
C_1_DMAX_25_ANTCEN_dimer_93, C_3_DMAX_12_ANTCEN_dimer_10,  RMSD: 1.04492769278e-15
C_1_DMAX_25_ANTCEN_dimer_93, C_3_DMAX_15_ANTCEN_dimer_22,  RMSD: 1.04492769278e-15
C_1_DMAX_25_ANTCEN_dimer_93, C_3_DMAX_17_ANTCEN_dimer_32,  RMSD: 1.04492769278e-15
C_1_DMAX_25_ANTCEN_dimer_93, C_3_DMAX_20_ANTCEN_dimer_48,  RMSD: 1.04492769278e-15
C_1_DMAX_25_ANTCEN_dimer_93, C_3_DMAX_25_ANTCEN_dimer_93,  RMSD: 1.04492769278e-15
C_2_DMAX_00_ANTCEN_dimer_1, C_2_DMAX_05_ANTCEN_dimer_9,  RMSD: 1.04492769278e-15
C_2_DMAX_00_ANTCEN_dimer_1, C_2_DMAX_10_ANTCEN_dimer_20,  RMSD: 1.04492769278e-15
C_2_DMAX_00_ANTCEN_dimer_1, C_2_DMAX_12_ANTCEN_dimer_29,  RMSD: 1.04492769278e-15
C_2_DMAX_00_ANTCEN_dimer_1, C_2_DMAX_15_ANTCEN_dimer_48,  RMSD: 1.04492769278e-15
C_2_DMAX_00_ANTCEN_dimer_1, C_2_DMAX_17_ANTCEN_dimer_61,  RMSD: 1.04492769278e-15
C_2_DMAX_00_ANTCEN_dimer_1, C_2_DMAX_20_ANTCEN_dimer_90,  RMSD: 1.04492769278e-15
C_2_DMAX_00_ANTCEN_dimer_1, C_2_DMAX_25_ANTCEN_dimer_152,  RMSD: 1.04492769278e-15
C_2_DMAX_00_ANTCEN_dimer_1, C_3_DMAX_05_ANTCEN_dimer_1,  RMSD: 1.04492769278e-15
C_2_DMAX_00_ANTCEN_dimer_1, C_3_DMAX_10_ANTCEN_dimer_9,  RMSD: 1.04492769278e-15
C_2_DMAX_00_ANTCEN_dimer_1, C_3_DMAX_12_ANTCEN_dimer_10,  RMSD: 1.04492769278e-15
C_2_DMAX_00_ANTCEN_dimer_1, C_3_DMAX_15_ANTCEN_dimer_22,  RMSD: 1.04492769278e-15
C_2_DMAX_00_ANTCEN_dimer_1, C_3_DMAX_17_ANTCEN_dimer_32,  RMSD: 1.04492769278e-15
C_2_DMAX_00_ANTCEN_dimer_1, C_3_DMAX_20_ANTCEN_dimer_48,  RMSD: 1.04492769278e-15
C_2_DMAX_00_ANTCEN_dimer_1, C_3_DMAX_25_ANTCEN_dimer_93,  RMSD: 1.04492769278e-15
C_2_DMAX_05_ANTCEN_dimer_24, C_2_DMAX_10_ANTCEN_dimer_52,  RMSD: 1.07580877903e-15
C_2_DMAX_05_ANTCEN_dimer_24, C_2_DMAX_12_ANTCEN_dimer_79,  RMSD: 1.07580877903e-15
C_2_DMAX_05_ANTCEN_dimer_24, C_2_DMAX_15_ANTCEN_dimer_126,  RMSD: 1.07580877903e-15
C_2_DMAX_05_ANTCEN_dimer_24, C_2_DMAX_17_ANTCEN_dimer_161,  RMSD: 1.07580877903e-15
C_2_DMAX_05_ANTCEN_dimer_24, C_2_DMAX_20_ANTCEN_dimer_241,  RMSD: 1.07580877903e-15
C_2_DMAX_05_ANTCEN_dimer_24, C_2_DMAX_25_ANTCEN_dimer_406,  RMSD: 1.07580877903e-15
C_2_DMAX_05_ANTCEN_dimer_24, C_3_DMAX_10_ANTCEN_dimer_24,  RMSD: 1.07580877903e-15
C_2_DMAX_05_ANTCEN_dimer_24, C_3_DMAX_12_ANTCEN_dimer_27,  RMSD: 1.07580877903e-15
C_2_DMAX_05_ANTCEN_dimer_24, C_3_DMAX_15_ANTCEN_dimer_56,  RMSD: 1.07580877903e-15
C_2_DMAX_05_ANTCEN_dimer_24, C_3_DMAX_17_ANTCEN_dimer_86,  RMSD: 1.07580877903e-15
C_2_DMAX_05_ANTCEN_dimer_24, C_3_DMAX_20_ANTCEN_dimer_126,  RMSD: 1.07580877903e-15
C_2_DMAX_05_ANTCEN_dimer_24, C_3_DMAX_25_ANTCEN_dimer_248,  RMSD: 1.07580877903e-15
C_2_DMAX_05_ANTCEN_dimer_30, C_2_DMAX_10_ANTCEN_dimer_68,  RMSD: 1.76750105816e-15
C_2_DMAX_05_ANTCEN_dimer_30, C_2_DMAX_12_ANTCEN_dimer_98,  RMSD: 1.76750105816e-15
C_2_DMAX_05_ANTCEN_dimer_30, C_2_DMAX_15_ANTCEN_dimer_153,  RMSD: 1.76750105816e-15
C_2_DMAX_05_ANTCEN_dimer_30, C_2_DMAX_17_ANTCEN_dimer_195,  RMSD: 1.76750105816e-15
C_2_DMAX_05_ANTCEN_dimer_30, C_2_DMAX_20_ANTCEN_dimer_282,  RMSD: 1.76750105816e-15
C_2_DMAX_05_ANTCEN_dimer_30, C_2_DMAX_25_ANTCEN_dimer_466,  RMSD: 1.76750105816e-15
C_2_DMAX_05_ANTCEN_dimer_30, C_3_DMAX_05_ANTCEN_dimer_3,  RMSD: 1.76750105816e-15
C_2_DMAX_05_ANTCEN_dimer_30, C_3_DMAX_10_ANTCEN_dimer_31,  RMSD: 1.76750105816e-15
C_2_DMAX_05_ANTCEN_dimer_30, C_3_DMAX_12_ANTCEN_dimer_37,  RMSD: 1.76750105816e-15
C_2_DMAX_05_ANTCEN_dimer_30, C_3_DMAX_15_ANTCEN_dimer_72,  RMSD: 1.76750105816e-15
C_2_DMAX_05_ANTCEN_dimer_30, C_3_DMAX_17_ANTCEN_dimer_105,  RMSD: 1.76750105816e-15
C_2_DMAX_05_ANTCEN_dimer_30, C_3_DMAX_20_ANTCEN_dimer_154,  RMSD: 1.76750105816e-15
C_2_DMAX_05_ANTCEN_dimer_30, C_3_DMAX_25_ANTCEN_dimer_290,  RMSD: 1.76750105816e-15
C_2_DMAX_05_ANTCEN_dimer_9, C_2_DMAX_10_ANTCEN_dimer_20,  RMSD: 1.04492769278e-15
C_2_DMAX_05_ANTCEN_dimer_9, C_2_DMAX_12_ANTCEN_dimer_29,  RMSD: 1.04492769278e-15
C_2_DMAX_05_ANTCEN_dimer_9, C_2_DMAX_15_ANTCEN_dimer_48,  RMSD: 1.04492769278e-15
C_2_DMAX_05_ANTCEN_dimer_9, C_2_DMAX_17_ANTCEN_dimer_61,  RMSD: 1.04492769278e-15
C_2_DMAX_05_ANTCEN_dimer_9, C_2_DMAX_20_ANTCEN_dimer_90,  RMSD: 1.04492769278e-15
C_2_DMAX_05_ANTCEN_dimer_9, C_2_DMAX_25_ANTCEN_dimer_152,  RMSD: 1.04492769278e-15
C_2_DMAX_05_ANTCEN_dimer_9, C_3_DMAX_05_ANTCEN_dimer_1,  RMSD: 1.04492769278e-15
C_2_DMAX_05_ANTCEN_dimer_9, C_3_DMAX_10_ANTCEN_dimer_9,  RMSD: 1.04492769278e-15
C_2_DMAX_05_ANTCEN_dimer_9, C_3_DMAX_12_ANTCEN_dimer_10,  RMSD: 1.04492769278e-15
C_2_DMAX_05_ANTCEN_dimer_9, C_3_DMAX_15_ANTCEN_dimer_22,  RMSD: 1.04492769278e-15
C_2_DMAX_05_ANTCEN_dimer_9, C_3_DMAX_17_ANTCEN_dimer_32,  RMSD: 1.04492769278e-15
C_2_DMAX_05_ANTCEN_dimer_9, C_3_DMAX_20_ANTCEN_dimer_48,  RMSD: 1.04492769278e-15
C_2_DMAX_05_ANTCEN_dimer_9, C_3_DMAX_25_ANTCEN_dimer_93,  RMSD: 1.04492769278e-15
C_2_DMAX_10_ANTCEN_dimer_20, C_2_DMAX_12_ANTCEN_dimer_29,  RMSD: 1.04492769278e-15
C_2_DMAX_10_ANTCEN_dimer_20, C_2_DMAX_15_ANTCEN_dimer_48,  RMSD: 1.04492769278e-15
C_2_DMAX_10_ANTCEN_dimer_20, C_2_DMAX_17_ANTCEN_dimer_61,  RMSD: 1.04492769278e-15
C_2_DMAX_10_ANTCEN_dimer_20, C_2_DMAX_20_ANTCEN_dimer_90,  RMSD: 1.04492769278e-15
C_2_DMAX_10_ANTCEN_dimer_20, C_2_DMAX_25_ANTCEN_dimer_152,  RMSD: 1.04492769278e-15
C_2_DMAX_10_ANTCEN_dimer_20, C_3_DMAX_05_ANTCEN_dimer_1,  RMSD: 1.04492769278e-15
C_2_DMAX_10_ANTCEN_dimer_20, C_3_DMAX_10_ANTCEN_dimer_9,  RMSD: 1.04492769278e-15
C_2_DMAX_10_ANTCEN_dimer_20, C_3_DMAX_12_ANTCEN_dimer_10,  RMSD: 1.04492769278e-15
C_2_DMAX_10_ANTCEN_dimer_20, C_3_DMAX_15_ANTCEN_dimer_22,  RMSD: 1.04492769278e-15
C_2_DMAX_10_ANTCEN_dimer_20, C_3_DMAX_17_ANTCEN_dimer_32,  RMSD: 1.04492769278e-15
C_2_DMAX_10_ANTCEN_dimer_20, C_3_DMAX_20_ANTCEN_dimer_48,  RMSD: 1.04492769278e-15
C_2_DMAX_10_ANTCEN_dimer_20, C_3_DMAX_25_ANTCEN_dimer_93,  RMSD: 1.04492769278e-15
C_2_DMAX_10_ANTCEN_dimer_52, C_2_DMAX_12_ANTCEN_dimer_79,  RMSD: 1.07580877903e-15
C_2_DMAX_10_ANTCEN_dimer_52, C_2_DMAX_15_ANTCEN_dimer_126,  RMSD: 1.07580877903e-15
C_2_DMAX_10_ANTCEN_dimer_52, C_2_DMAX_17_ANTCEN_dimer_161,  RMSD: 1.07580877903e-15
C_2_DMAX_10_ANTCEN_dimer_52, C_2_DMAX_20_ANTCEN_dimer_241,  RMSD: 1.07580877903e-15
C_2_DMAX_10_ANTCEN_dimer_52, C_2_DMAX_25_ANTCEN_dimer_406,  RMSD: 1.07580877903e-15
C_2_DMAX_10_ANTCEN_dimer_52, C_3_DMAX_10_ANTCEN_dimer_24,  RMSD: 1.07580877903e-15
C_2_DMAX_10_ANTCEN_dimer_52, C_3_DMAX_12_ANTCEN_dimer_27,  RMSD: 1.07580877903e-15
C_2_DMAX_10_ANTCEN_dimer_52, C_3_DMAX_15_ANTCEN_dimer_56,  RMSD: 1.07580877903e-15
C_2_DMAX_10_ANTCEN_dimer_52, C_3_DMAX_17_ANTCEN_dimer_86,  RMSD: 1.07580877903e-15
C_2_DMAX_10_ANTCEN_dimer_52, C_3_DMAX_20_ANTCEN_dimer_126,  RMSD: 1.07580877903e-15
C_2_DMAX_10_ANTCEN_dimer_52, C_3_DMAX_25_ANTCEN_dimer_248,  RMSD: 1.07580877903e-15
C_2_DMAX_10_ANTCEN_dimer_68, C_2_DMAX_12_ANTCEN_dimer_98,  RMSD: 1.76750105816e-15
C_2_DMAX_10_ANTCEN_dimer_68, C_2_DMAX_15_ANTCEN_dimer_153,  RMSD: 1.76750105816e-15
C_2_DMAX_10_ANTCEN_dimer_68, C_2_DMAX_17_ANTCEN_dimer_195,  RMSD: 1.76750105816e-15
C_2_DMAX_10_ANTCEN_dimer_68, C_2_DMAX_20_ANTCEN_dimer_282,  RMSD: 1.76750105816e-15
C_2_DMAX_10_ANTCEN_dimer_68, C_2_DMAX_25_ANTCEN_dimer_466,  RMSD: 1.76750105816e-15
C_2_DMAX_10_ANTCEN_dimer_68, C_3_DMAX_05_ANTCEN_dimer_3,  RMSD: 1.76750105816e-15
C_2_DMAX_10_ANTCEN_dimer_68, C_3_DMAX_10_ANTCEN_dimer_31,  RMSD: 1.76750105816e-15
C_2_DMAX_10_ANTCEN_dimer_68, C_3_DMAX_12_ANTCEN_dimer_37,  RMSD: 1.76750105816e-15
C_2_DMAX_10_ANTCEN_dimer_68, C_3_DMAX_15_ANTCEN_dimer_72,  RMSD: 1.76750105816e-15
C_2_DMAX_10_ANTCEN_dimer_68, C_3_DMAX_17_ANTCEN_dimer_105,  RMSD: 1.76750105816e-15
C_2_DMAX_10_ANTCEN_dimer_68, C_3_DMAX_20_ANTCEN_dimer_154,  RMSD: 1.76750105816e-15
C_2_DMAX_10_ANTCEN_dimer_68, C_3_DMAX_25_ANTCEN_dimer_290,  RMSD: 1.76750105816e-15
C_2_DMAX_12_ANTCEN_dimer_29, C_2_DMAX_15_ANTCEN_dimer_48,  RMSD: 1.04492769278e-15
C_2_DMAX_12_ANTCEN_dimer_29, C_2_DMAX_17_ANTCEN_dimer_61,  RMSD: 1.04492769278e-15
C_2_DMAX_12_ANTCEN_dimer_29, C_2_DMAX_20_ANTCEN_dimer_90,  RMSD: 1.04492769278e-15
C_2_DMAX_12_ANTCEN_dimer_29, C_2_DMAX_25_ANTCEN_dimer_152,  RMSD: 1.04492769278e-15
C_2_DMAX_12_ANTCEN_dimer_29, C_3_DMAX_05_ANTCEN_dimer_1,  RMSD: 1.04492769278e-15
C_2_DMAX_12_ANTCEN_dimer_29, C_3_DMAX_10_ANTCEN_dimer_9,  RMSD: 1.04492769278e-15
C_2_DMAX_12_ANTCEN_dimer_29, C_3_DMAX_12_ANTCEN_dimer_10,  RMSD: 1.04492769278e-15
C_2_DMAX_12_ANTCEN_dimer_29, C_3_DMAX_15_ANTCEN_dimer_22,  RMSD: 1.04492769278e-15
C_2_DMAX_12_ANTCEN_dimer_29, C_3_DMAX_17_ANTCEN_dimer_32,  RMSD: 1.04492769278e-15
C_2_DMAX_12_ANTCEN_dimer_29, C_3_DMAX_20_ANTCEN_dimer_48,  RMSD: 1.04492769278e-15
C_2_DMAX_12_ANTCEN_dimer_29, C_3_DMAX_25_ANTCEN_dimer_93,  RMSD: 1.04492769278e-15
C_2_DMAX_12_ANTCEN_dimer_79, C_2_DMAX_15_ANTCEN_dimer_126,  RMSD: 1.07580877903e-15
C_2_DMAX_12_ANTCEN_dimer_79, C_2_DMAX_17_ANTCEN_dimer_161,  RMSD: 1.07580877903e-15
C_2_DMAX_12_ANTCEN_dimer_79, C_2_DMAX_20_ANTCEN_dimer_241,  RMSD: 1.07580877903e-15
C_2_DMAX_12_ANTCEN_dimer_79, C_2_DMAX_25_ANTCEN_dimer_406,  RMSD: 1.07580877903e-15
C_2_DMAX_12_ANTCEN_dimer_79, C_3_DMAX_10_ANTCEN_dimer_24,  RMSD: 1.07580877903e-15
C_2_DMAX_12_ANTCEN_dimer_79, C_3_DMAX_12_ANTCEN_dimer_27,  RMSD: 1.07580877903e-15
C_2_DMAX_12_ANTCEN_dimer_79, C_3_DMAX_15_ANTCEN_dimer_56,  RMSD: 1.07580877903e-15
C_2_DMAX_12_ANTCEN_dimer_79, C_3_DMAX_17_ANTCEN_dimer_86,  RMSD: 1.07580877903e-15
C_2_DMAX_12_ANTCEN_dimer_79, C_3_DMAX_20_ANTCEN_dimer_126,  RMSD: 1.07580877903e-15
C_2_DMAX_12_ANTCEN_dimer_79, C_3_DMAX_25_ANTCEN_dimer_248,  RMSD: 1.07580877903e-15
C_2_DMAX_12_ANTCEN_dimer_98, C_2_DMAX_15_ANTCEN_dimer_153,  RMSD: 1.76750105816e-15
C_2_DMAX_12_ANTCEN_dimer_98, C_2_DMAX_17_ANTCEN_dimer_195,  RMSD: 1.76750105816e-15
C_2_DMAX_12_ANTCEN_dimer_98, C_2_DMAX_20_ANTCEN_dimer_282,  RMSD: 1.76750105816e-15
C_2_DMAX_12_ANTCEN_dimer_98, C_2_DMAX_25_ANTCEN_dimer_466,  RMSD: 1.76750105816e-15
C_2_DMAX_12_ANTCEN_dimer_98, C_3_DMAX_05_ANTCEN_dimer_3,  RMSD: 1.76750105816e-15
C_2_DMAX_12_ANTCEN_dimer_98, C_3_DMAX_10_ANTCEN_dimer_31,  RMSD: 1.76750105816e-15
C_2_DMAX_12_ANTCEN_dimer_98, C_3_DMAX_12_ANTCEN_dimer_37,  RMSD: 1.76750105816e-15
C_2_DMAX_12_ANTCEN_dimer_98, C_3_DMAX_15_ANTCEN_dimer_72,  RMSD: 1.76750105816e-15
C_2_DMAX_12_ANTCEN_dimer_98, C_3_DMAX_17_ANTCEN_dimer_105,  RMSD: 1.76750105816e-15
C_2_DMAX_12_ANTCEN_dimer_98, C_3_DMAX_20_ANTCEN_dimer_154,  RMSD: 1.76750105816e-15
C_2_DMAX_12_ANTCEN_dimer_98, C_3_DMAX_25_ANTCEN_dimer_290,  RMSD: 1.76750105816e-15
C_2_DMAX_15_ANTCEN_dimer_126, C_2_DMAX_17_ANTCEN_dimer_161,  RMSD: 1.07580877903e-15
C_2_DMAX_15_ANTCEN_dimer_126, C_2_DMAX_20_ANTCEN_dimer_241,  RMSD: 1.07580877903e-15
C_2_DMAX_15_ANTCEN_dimer_126, C_2_DMAX_25_ANTCEN_dimer_406,  RMSD: 1.07580877903e-15
C_2_DMAX_15_ANTCEN_dimer_126, C_3_DMAX_10_ANTCEN_dimer_24,  RMSD: 1.07580877903e-15
C_2_DMAX_15_ANTCEN_dimer_126, C_3_DMAX_12_ANTCEN_dimer_27,  RMSD: 1.07580877903e-15
C_2_DMAX_15_ANTCEN_dimer_126, C_3_DMAX_15_ANTCEN_dimer_56,  RMSD: 1.07580877903e-15
C_2_DMAX_15_ANTCEN_dimer_126, C_3_DMAX_17_ANTCEN_dimer_86,  RMSD: 1.07580877903e-15
C_2_DMAX_15_ANTCEN_dimer_126, C_3_DMAX_20_ANTCEN_dimer_126,  RMSD: 1.07580877903e-15
C_2_DMAX_15_ANTCEN_dimer_126, C_3_DMAX_25_ANTCEN_dimer_248,  RMSD: 1.07580877903e-15
C_2_DMAX_15_ANTCEN_dimer_153, C_2_DMAX_17_ANTCEN_dimer_195,  RMSD: 1.76750105816e-15
C_2_DMAX_15_ANTCEN_dimer_153, C_2_DMAX_20_ANTCEN_dimer_282,  RMSD: 1.76750105816e-15
C_2_DMAX_15_ANTCEN_dimer_153, C_2_DMAX_25_ANTCEN_dimer_466,  RMSD: 1.76750105816e-15
C_2_DMAX_15_ANTCEN_dimer_153, C_3_DMAX_05_ANTCEN_dimer_3,  RMSD: 1.76750105816e-15
C_2_DMAX_15_ANTCEN_dimer_153, C_3_DMAX_10_ANTCEN_dimer_31,  RMSD: 1.76750105816e-15
C_2_DMAX_15_ANTCEN_dimer_153, C_3_DMAX_12_ANTCEN_dimer_37,  RMSD: 1.76750105816e-15
C_2_DMAX_15_ANTCEN_dimer_153, C_3_DMAX_15_ANTCEN_dimer_72,  RMSD: 1.76750105816e-15
C_2_DMAX_15_ANTCEN_dimer_153, C_3_DMAX_17_ANTCEN_dimer_105,  RMSD: 1.76750105816e-15
C_2_DMAX_15_ANTCEN_dimer_153, C_3_DMAX_20_ANTCEN_dimer_154,  RMSD: 1.76750105816e-15
C_2_DMAX_15_ANTCEN_dimer_153, C_3_DMAX_25_ANTCEN_dimer_290,  RMSD: 1.76750105816e-15
C_2_DMAX_15_ANTCEN_dimer_48, C_2_DMAX_17_ANTCEN_dimer_61,  RMSD: 1.04492769278e-15
C_2_DMAX_15_ANTCEN_dimer_48, C_2_DMAX_20_ANTCEN_dimer_90,  RMSD: 1.04492769278e-15
C_2_DMAX_15_ANTCEN_dimer_48, C_2_DMAX_25_ANTCEN_dimer_152,  RMSD: 1.04492769278e-15
C_2_DMAX_15_ANTCEN_dimer_48, C_3_DMAX_05_ANTCEN_dimer_1,  RMSD: 1.04492769278e-15
C_2_DMAX_15_ANTCEN_dimer_48, C_3_DMAX_10_ANTCEN_dimer_9,  RMSD: 1.04492769278e-15
C_2_DMAX_15_ANTCEN_dimer_48, C_3_DMAX_12_ANTCEN_dimer_10,  RMSD: 1.04492769278e-15
C_2_DMAX_15_ANTCEN_dimer_48, C_3_DMAX_15_ANTCEN_dimer_22,  RMSD: 1.04492769278e-15
C_2_DMAX_15_ANTCEN_dimer_48, C_3_DMAX_17_ANTCEN_dimer_32,  RMSD: 1.04492769278e-15
C_2_DMAX_15_ANTCEN_dimer_48, C_3_DMAX_20_ANTCEN_dimer_48,  RMSD: 1.04492769278e-15
C_2_DMAX_15_ANTCEN_dimer_48, C_3_DMAX_25_ANTCEN_dimer_93,  RMSD: 1.04492769278e-15
C_2_DMAX_17_ANTCEN_dimer_161, C_2_DMAX_20_ANTCEN_dimer_241,  RMSD: 1.07580877903e-15
C_2_DMAX_17_ANTCEN_dimer_161, C_2_DMAX_25_ANTCEN_dimer_406,  RMSD: 1.07580877903e-15
C_2_DMAX_17_ANTCEN_dimer_161, C_3_DMAX_10_ANTCEN_dimer_24,  RMSD: 1.07580877903e-15
C_2_DMAX_17_ANTCEN_dimer_161, C_3_DMAX_12_ANTCEN_dimer_27,  RMSD: 1.07580877903e-15
C_2_DMAX_17_ANTCEN_dimer_161, C_3_DMAX_15_ANTCEN_dimer_56,  RMSD: 1.07580877903e-15
C_2_DMAX_17_ANTCEN_dimer_161, C_3_DMAX_17_ANTCEN_dimer_86,  RMSD: 1.07580877903e-15
C_2_DMAX_17_ANTCEN_dimer_161, C_3_DMAX_20_ANTCEN_dimer_126,  RMSD: 1.07580877903e-15
C_2_DMAX_17_ANTCEN_dimer_161, C_3_DMAX_25_ANTCEN_dimer_248,  RMSD: 1.07580877903e-15
C_2_DMAX_17_ANTCEN_dimer_195, C_2_DMAX_20_ANTCEN_dimer_282,  RMSD: 1.76750105816e-15
C_2_DMAX_17_ANTCEN_dimer_195, C_2_DMAX_25_ANTCEN_dimer_466,  RMSD: 1.76750105816e-15
C_2_DMAX_17_ANTCEN_dimer_195, C_3_DMAX_05_ANTCEN_dimer_3,  RMSD: 1.76750105816e-15
C_2_DMAX_17_ANTCEN_dimer_195, C_3_DMAX_10_ANTCEN_dimer_31,  RMSD: 1.76750105816e-15
C_2_DMAX_17_ANTCEN_dimer_195, C_3_DMAX_12_ANTCEN_dimer_37,  RMSD: 1.76750105816e-15
C_2_DMAX_17_ANTCEN_dimer_195, C_3_DMAX_15_ANTCEN_dimer_72,  RMSD: 1.76750105816e-15
C_2_DMAX_17_ANTCEN_dimer_195, C_3_DMAX_17_ANTCEN_dimer_105,  RMSD: 1.76750105816e-15
C_2_DMAX_17_ANTCEN_dimer_195, C_3_DMAX_20_ANTCEN_dimer_154,  RMSD: 1.76750105816e-15
C_2_DMAX_17_ANTCEN_dimer_195, C_3_DMAX_25_ANTCEN_dimer_290,  RMSD: 1.76750105816e-15
C_2_DMAX_17_ANTCEN_dimer_61, C_2_DMAX_20_ANTCEN_dimer_90,  RMSD: 1.04492769278e-15
C_2_DMAX_17_ANTCEN_dimer_61, C_2_DMAX_25_ANTCEN_dimer_152,  RMSD: 1.04492769278e-15
C_2_DMAX_17_ANTCEN_dimer_61, C_3_DMAX_05_ANTCEN_dimer_1,  RMSD: 1.04492769278e-15
C_2_DMAX_17_ANTCEN_dimer_61, C_3_DMAX_10_ANTCEN_dimer_9,  RMSD: 1.04492769278e-15
C_2_DMAX_17_ANTCEN_dimer_61, C_3_DMAX_12_ANTCEN_dimer_10,  RMSD: 1.04492769278e-15
C_2_DMAX_17_ANTCEN_dimer_61, C_3_DMAX_15_ANTCEN_dimer_22,  RMSD: 1.04492769278e-15
C_2_DMAX_17_ANTCEN_dimer_61, C_3_DMAX_17_ANTCEN_dimer_32,  RMSD: 1.04492769278e-15
C_2_DMAX_17_ANTCEN_dimer_61, C_3_DMAX_20_ANTCEN_dimer_48,  RMSD: 1.04492769278e-15
C_2_DMAX_17_ANTCEN_dimer_61, C_3_DMAX_25_ANTCEN_dimer_93,  RMSD: 1.04492769278e-15
C_2_DMAX_20_ANTCEN_dimer_241, C_2_DMAX_25_ANTCEN_dimer_406,  RMSD: 1.07580877903e-15
C_2_DMAX_20_ANTCEN_dimer_241, C_3_DMAX_10_ANTCEN_dimer_24,  RMSD: 1.07580877903e-15
C_2_DMAX_20_ANTCEN_dimer_241, C_3_DMAX_12_ANTCEN_dimer_27,  RMSD: 1.07580877903e-15
C_2_DMAX_20_ANTCEN_dimer_241, C_3_DMAX_15_ANTCEN_dimer_56,  RMSD: 1.07580877903e-15
C_2_DMAX_20_ANTCEN_dimer_241, C_3_DMAX_17_ANTCEN_dimer_86,  RMSD: 1.07580877903e-15
C_2_DMAX_20_ANTCEN_dimer_241, C_3_DMAX_20_ANTCEN_dimer_126,  RMSD: 1.07580877903e-15
C_2_DMAX_20_ANTCEN_dimer_241, C_3_DMAX_25_ANTCEN_dimer_248,  RMSD: 1.07580877903e-15
C_2_DMAX_20_ANTCEN_dimer_282, C_2_DMAX_25_ANTCEN_dimer_466,  RMSD: 1.76750105816e-15
C_2_DMAX_20_ANTCEN_dimer_282, C_3_DMAX_05_ANTCEN_dimer_3,  RMSD: 1.76750105816e-15
C_2_DMAX_20_ANTCEN_dimer_282, C_3_DMAX_10_ANTCEN_dimer_31,  RMSD: 1.76750105816e-15
C_2_DMAX_20_ANTCEN_dimer_282, C_3_DMAX_12_ANTCEN_dimer_37,  RMSD: 1.76750105816e-15
C_2_DMAX_20_ANTCEN_dimer_282, C_3_DMAX_15_ANTCEN_dimer_72,  RMSD: 1.76750105816e-15
C_2_DMAX_20_ANTCEN_dimer_282, C_3_DMAX_17_ANTCEN_dimer_105,  RMSD: 1.76750105816e-15
C_2_DMAX_20_ANTCEN_dimer_282, C_3_DMAX_20_ANTCEN_dimer_154,  RMSD: 1.76750105816e-15
C_2_DMAX_20_ANTCEN_dimer_282, C_3_DMAX_25_ANTCEN_dimer_290,  RMSD: 1.76750105816e-15
C_2_DMAX_20_ANTCEN_dimer_90, C_2_DMAX_25_ANTCEN_dimer_152,  RMSD: 1.04492769278e-15
C_2_DMAX_20_ANTCEN_dimer_90, C_3_DMAX_05_ANTCEN_dimer_1,  RMSD: 1.04492769278e-15
C_2_DMAX_20_ANTCEN_dimer_90, C_3_DMAX_10_ANTCEN_dimer_9,  RMSD: 1.04492769278e-15
C_2_DMAX_20_ANTCEN_dimer_90, C_3_DMAX_12_ANTCEN_dimer_10,  RMSD: 1.04492769278e-15
C_2_DMAX_20_ANTCEN_dimer_90, C_3_DMAX_15_ANTCEN_dimer_22,  RMSD: 1.04492769278e-15
C_2_DMAX_20_ANTCEN_dimer_90, C_3_DMAX_17_ANTCEN_dimer_32,  RMSD: 1.04492769278e-15
C_2_DMAX_20_ANTCEN_dimer_90, C_3_DMAX_20_ANTCEN_dimer_48,  RMSD: 1.04492769278e-15
C_2_DMAX_20_ANTCEN_dimer_90, C_3_DMAX_25_ANTCEN_dimer_93,  RMSD: 1.04492769278e-15
C_2_DMAX_25_ANTCEN_dimer_152, C_3_DMAX_05_ANTCEN_dimer_1,  RMSD: 1.04492769278e-15
C_2_DMAX_25_ANTCEN_dimer_152, C_3_DMAX_10_ANTCEN_dimer_9,  RMSD: 1.04492769278e-15
C_2_DMAX_25_ANTCEN_dimer_152, C_3_DMAX_12_ANTCEN_dimer_10,  RMSD: 1.04492769278e-15
C_2_DMAX_25_ANTCEN_dimer_152, C_3_DMAX_15_ANTCEN_dimer_22,  RMSD: 1.04492769278e-15
C_2_DMAX_25_ANTCEN_dimer_152, C_3_DMAX_17_ANTCEN_dimer_32,  RMSD: 1.04492769278e-15
C_2_DMAX_25_ANTCEN_dimer_152, C_3_DMAX_20_ANTCEN_dimer_48,  RMSD: 1.04492769278e-15
C_2_DMAX_25_ANTCEN_dimer_152, C_3_DMAX_25_ANTCEN_dimer_93,  RMSD: 1.04492769278e-15
C_2_DMAX_25_ANTCEN_dimer_406, C_3_DMAX_10_ANTCEN_dimer_24,  RMSD: 1.07580877903e-15
C_2_DMAX_25_ANTCEN_dimer_406, C_3_DMAX_12_ANTCEN_dimer_27,  RMSD: 1.07580877903e-15
C_2_DMAX_25_ANTCEN_dimer_406, C_3_DMAX_15_ANTCEN_dimer_56,  RMSD: 1.07580877903e-15
C_2_DMAX_25_ANTCEN_dimer_406, C_3_DMAX_17_ANTCEN_dimer_86,  RMSD: 1.07580877903e-15
C_2_DMAX_25_ANTCEN_dimer_406, C_3_DMAX_20_ANTCEN_dimer_126,  RMSD: 1.07580877903e-15
C_2_DMAX_25_ANTCEN_dimer_406, C_3_DMAX_25_ANTCEN_dimer_248,  RMSD: 1.07580877903e-15
C_2_DMAX_25_ANTCEN_dimer_466, C_3_DMAX_05_ANTCEN_dimer_3,  RMSD: 1.76750105816e-15
C_2_DMAX_25_ANTCEN_dimer_466, C_3_DMAX_10_ANTCEN_dimer_31,  RMSD: 1.76750105816e-15
C_2_DMAX_25_ANTCEN_dimer_466, C_3_DMAX_12_ANTCEN_dimer_37,  RMSD: 1.76750105816e-15
C_2_DMAX_25_ANTCEN_dimer_466, C_3_DMAX_15_ANTCEN_dimer_72,  RMSD: 1.76750105816e-15
C_2_DMAX_25_ANTCEN_dimer_466, C_3_DMAX_17_ANTCEN_dimer_105,  RMSD: 1.76750105816e-15
C_2_DMAX_25_ANTCEN_dimer_466, C_3_DMAX_20_ANTCEN_dimer_154,  RMSD: 1.76750105816e-15
C_2_DMAX_25_ANTCEN_dimer_466, C_3_DMAX_25_ANTCEN_dimer_290,  RMSD: 1.76750105816e-15
C_3_DMAX_05_ANTCEN_dimer_1, C_3_DMAX_10_ANTCEN_dimer_9,  RMSD: 1.04492769278e-15
C_3_DMAX_05_ANTCEN_dimer_1, C_3_DMAX_12_ANTCEN_dimer_10,  RMSD: 1.04492769278e-15
C_3_DMAX_05_ANTCEN_dimer_1, C_3_DMAX_15_ANTCEN_dimer_22,  RMSD: 1.04492769278e-15
C_3_DMAX_05_ANTCEN_dimer_1, C_3_DMAX_17_ANTCEN_dimer_32,  RMSD: 1.04492769278e-15
C_3_DMAX_05_ANTCEN_dimer_1, C_3_DMAX_20_ANTCEN_dimer_48,  RMSD: 1.04492769278e-15
C_3_DMAX_05_ANTCEN_dimer_1, C_3_DMAX_25_ANTCEN_dimer_93,  RMSD: 1.04492769278e-15
C_3_DMAX_05_ANTCEN_dimer_3, C_3_DMAX_10_ANTCEN_dimer_31,  RMSD: 1.76750105816e-15
C_3_DMAX_05_ANTCEN_dimer_3, C_3_DMAX_12_ANTCEN_dimer_37,  RMSD: 1.76750105816e-15
C_3_DMAX_05_ANTCEN_dimer_3, C_3_DMAX_15_ANTCEN_dimer_72,  RMSD: 1.76750105816e-15
C_3_DMAX_05_ANTCEN_dimer_3, C_3_DMAX_17_ANTCEN_dimer_105,  RMSD: 1.76750105816e-15
C_3_DMAX_05_ANTCEN_dimer_3, C_3_DMAX_20_ANTCEN_dimer_154,  RMSD: 1.76750105816e-15
C_3_DMAX_05_ANTCEN_dimer_3, C_3_DMAX_25_ANTCEN_dimer_290,  RMSD: 1.76750105816e-15
C_3_DMAX_10_ANTCEN_dimer_24, C_3_DMAX_12_ANTCEN_dimer_27,  RMSD: 1.07580877903e-15
C_3_DMAX_10_ANTCEN_dimer_24, C_3_DMAX_15_ANTCEN_dimer_56,  RMSD: 1.07580877903e-15
C_3_DMAX_10_ANTCEN_dimer_24, C_3_DMAX_17_ANTCEN_dimer_86,  RMSD: 1.07580877903e-15
C_3_DMAX_10_ANTCEN_dimer_24, C_3_DMAX_20_ANTCEN_dimer_126,  RMSD: 1.07580877903e-15
C_3_DMAX_10_ANTCEN_dimer_24, C_3_DMAX_25_ANTCEN_dimer_248,  RMSD: 1.07580877903e-15
C_3_DMAX_10_ANTCEN_dimer_31, C_3_DMAX_12_ANTCEN_dimer_37,  RMSD: 1.76750105816e-15
C_3_DMAX_10_ANTCEN_dimer_31, C_3_DMAX_15_ANTCEN_dimer_72,  RMSD: 1.76750105816e-15
C_3_DMAX_10_ANTCEN_dimer_31, C_3_DMAX_17_ANTCEN_dimer_105,  RMSD: 1.76750105816e-15
C_3_DMAX_10_ANTCEN_dimer_31, C_3_DMAX_20_ANTCEN_dimer_154,  RMSD: 1.76750105816e-15
C_3_DMAX_10_ANTCEN_dimer_31, C_3_DMAX_25_ANTCEN_dimer_290,  RMSD: 1.76750105816e-15
C_3_DMAX_10_ANTCEN_dimer_9, C_3_DMAX_12_ANTCEN_dimer_10,  RMSD: 1.04492769278e-15
C_3_DMAX_10_ANTCEN_dimer_9, C_3_DMAX_15_ANTCEN_dimer_22,  RMSD: 1.04492769278e-15
C_3_DMAX_10_ANTCEN_dimer_9, C_3_DMAX_17_ANTCEN_dimer_32,  RMSD: 1.04492769278e-15
C_3_DMAX_10_ANTCEN_dimer_9, C_3_DMAX_20_ANTCEN_dimer_48,  RMSD: 1.04492769278e-15
C_3_DMAX_10_ANTCEN_dimer_9, C_3_DMAX_25_ANTCEN_dimer_93,  RMSD: 1.04492769278e-15
C_3_DMAX_12_ANTCEN_dimer_10, C_3_DMAX_15_ANTCEN_dimer_22,  RMSD: 1.04492769278e-15
C_3_DMAX_12_ANTCEN_dimer_10, C_3_DMAX_17_ANTCEN_dimer_32,  RMSD: 1.04492769278e-15
C_3_DMAX_12_ANTCEN_dimer_10, C_3_DMAX_20_ANTCEN_dimer_48,  RMSD: 1.04492769278e-15
C_3_DMAX_12_ANTCEN_dimer_10, C_3_DMAX_25_ANTCEN_dimer_93,  RMSD: 1.04492769278e-15
C_3_DMAX_12_ANTCEN_dimer_27, C_3_DMAX_15_ANTCEN_dimer_56,  RMSD: 1.07580877903e-15
C_3_DMAX_12_ANTCEN_dimer_27, C_3_DMAX_17_ANTCEN_dimer_86,  RMSD: 1.07580877903e-15
C_3_DMAX_12_ANTCEN_dimer_27, C_3_DMAX_20_ANTCEN_dimer_126,  RMSD: 1.07580877903e-15
C_3_DMAX_12_ANTCEN_dimer_27, C_3_DMAX_25_ANTCEN_dimer_248,  RMSD: 1.07580877903e-15
C_3_DMAX_12_ANTCEN_dimer_37, C_3_DMAX_15_ANTCEN_dimer_72,  RMSD: 1.76750105816e-15
C_3_DMAX_12_ANTCEN_dimer_37, C_3_DMAX_17_ANTCEN_dimer_105,  RMSD: 1.76750105816e-15
C_3_DMAX_12_ANTCEN_dimer_37, C_3_DMAX_20_ANTCEN_dimer_154,  RMSD: 1.76750105816e-15
C_3_DMAX_12_ANTCEN_dimer_37, C_3_DMAX_25_ANTCEN_dimer_290,  RMSD: 1.76750105816e-15
C_3_DMAX_15_ANTCEN_dimer_22, C_3_DMAX_17_ANTCEN_dimer_32,  RMSD: 1.04492769278e-15
C_3_DMAX_15_ANTCEN_dimer_22, C_3_DMAX_20_ANTCEN_dimer_48,  RMSD: 1.04492769278e-15
C_3_DMAX_15_ANTCEN_dimer_22, C_3_DMAX_25_ANTCEN_dimer_93,  RMSD: 1.04492769278e-15
C_3_DMAX_15_ANTCEN_dimer_56, C_3_DMAX_17_ANTCEN_dimer_86,  RMSD: 1.07580877903e-15
C_3_DMAX_15_ANTCEN_dimer_56, C_3_DMAX_20_ANTCEN_dimer_126,  RMSD: 1.07580877903e-15
C_3_DMAX_15_ANTCEN_dimer_56, C_3_DMAX_25_ANTCEN_dimer_248,  RMSD: 1.07580877903e-15
C_3_DMAX_15_ANTCEN_dimer_72, C_3_DMAX_17_ANTCEN_dimer_105,  RMSD: 1.76750105816e-15
C_3_DMAX_15_ANTCEN_dimer_72, C_3_DMAX_20_ANTCEN_dimer_154,  RMSD: 1.76750105816e-15
C_3_DMAX_15_ANTCEN_dimer_72, C_3_DMAX_25_ANTCEN_dimer_290,  RMSD: 1.76750105816e-15
C_3_DMAX_17_ANTCEN_dimer_105, C_3_DMAX_20_ANTCEN_dimer_154,  RMSD: 1.76750105816e-15
C_3_DMAX_17_ANTCEN_dimer_105, C_3_DMAX_25_ANTCEN_dimer_290,  RMSD: 1.76750105816e-15
C_3_DMAX_17_ANTCEN_dimer_32, C_3_DMAX_20_ANTCEN_dimer_48,  RMSD: 1.04492769278e-15
C_3_DMAX_17_ANTCEN_dimer_32, C_3_DMAX_25_ANTCEN_dimer_93,  RMSD: 1.04492769278e-15
C_3_DMAX_17_ANTCEN_dimer_86, C_3_DMAX_20_ANTCEN_dimer_126,  RMSD: 1.07580877903e-15
C_3_DMAX_17_ANTCEN_dimer_86, C_3_DMAX_25_ANTCEN_dimer_248,  RMSD: 1.07580877903e-15
C_3_DMAX_20_ANTCEN_dimer_126, C_3_DMAX_25_ANTCEN_dimer_248,  RMSD: 1.07580877903e-15
C_3_DMAX_20_ANTCEN_dimer_154, C_3_DMAX_25_ANTCEN_dimer_290,  RMSD: 1.76750105816e-15
C_3_DMAX_20_ANTCEN_dimer_48, C_3_DMAX_25_ANTCEN_dimer_93,  RMSD: 1.04492769278e-15
